리뷰 내용,추천 여부,리뷰 날짜,플레이 시간(분)
"다크소울3 잘만 돌아가고 컴 좋은데도, 화질 개 구린거로 해도 튕깁니다. 왜 그런 걸까요? 특정 부분에서 게임이 튕깁니다. 왜 이러는 걸까요?",비추천,1731035916,218
"전투가 너무 느림
",비추천,1730996284,86
개씹창난 ㅈㅁ겜. 다크 소울 3가 더 낫다.,비추천,1730627335,1093
"플레이타임도 널널하고 타격감도있고 패링도 맛있었음 난이도도 할수록 쉬워지는느낌이고
트리가드도 처음엔 ㅈㄴ 힘들었었는데 나중가고 다시도전해보면 또 되게 쉬운놈이구나 하고 근데 엇박은 ㅈ같긴함

근데 npc 한번 죽였다고 특정 맵을 못가는게 좀 ㅈ같음
바레 초반에 죽여서 돈먹고 트리가드 잡을려했는데 나중가서 보니까얘가 룬작하는곳 맵을 열어주는 npc여서 후회했음
속죄 하면 살아난다길래 속죄했더니 안살아나는놈들도 있고 npc인지 적인지 햇갈려하는놈들도 여럿있고
중요 npc들은 못죽이게해야하는게 맞지않나싶음 스토리에 포함되있는얘들도 죽일수가 있으니 게임에 영향이 좀 많이감

그리고 고사양 게임인지 사양을 낮추고하고해도 끊기는경우도 많고 사양을 낮추니 주변퀄이 낮아진게 보이는게 있어서 몰입이 어느정도 깨지는것도 있음 최적화도 조금더 해줬으면 좋았을꺼같음",비추천,1730314380,2347
좆망겜 왜 하노 ㅅㅂ,비추천,1729728559,19837
이 게임을 시작한후 인생이 꼬이기 시작했다,비추천,1729428359,64018
"다크소울4나 내놔라
이것저것 화려하게는 차려 졌는데,
먼가 다크소울의 임팩트는 못따라오는듯
먼 법사 위주로만 빌드를 짜야 보스를 깰수있게 겜 설계가 되있냐?",비추천,1729186345,5737
"알다시피 엘든링 시리즈는 대형 몬스터로 가면 갈수록 패턴이 조잡하고 조악함.

문제는 예전과는 다르게 오픈 월드 규모에 맞춰보겠답시고 화면 전체 뒤덮는 크기의 몬스터를 많이 늘렸다는거임.


불의 거인? 라이커드? 화면 내에 보이지도 않는데서 공격해오는 걸 피하라고 함.
그러면서 지 발밑에서 패는 건 또 견제할 패턴을 만들 자신이 없는지 무지성 거리 벌리는 작전만 함. 적어터진 스태미너 가지고 쫒아가는 동안에 화면 전체를 쓸어버리는 공격 피해서 발목 한 대 두 대 때리고 나면 또 뛰어서 10~15초는 가야하는 거리를 도망가버림.

이걸 반복함.

그렇다고 몬스터헌터처럼 내가 원할 때 몬스터쪽으로 화면 돌려주는 기능도 없는 주제에

달라 붙으면 발목 밖에 보이지 않는다든가 배때기만 보이는 이런 몬스터를 피한다든가 어찌할 수 있는 방법이 없음.

그럼 뭐냐? 기마전이 강제됨.


덩치를 무지막지하게 키워서 패턴도 보이지 않는 걸 피하라고 만들고, 그냥 이동속도 빠른 말 가지고 한대 치고 튀고 한대 치고 튀고만 반복함.

초반에야 인간형, 크지 않은 몹들이 많은데 후반 가면 갈수록 이런 놈들을 지겹게 마주치게 될 거임.",비추천,1728827974,7330
"피구라, 오공 거쳐서 왔는데 전투가 생각보다 재미없음. 맵이 너무 넓고 찾아야될게 너무 많아서 처음에는 신기한데 나중에 귀찮고 피곤함...그리고 권장사양정도 되는데 계속 잔랙걸리는것도 짜증남",비추천,1728473116,2051
개억까,비추천,1728456493,21070
.,비추천,1728235999,9679
말레니아 패턴을 절떄 피할수 없게 해놓는 개같은 게임,비추천,1728150439,2891
아 돈 아깝다 진짜,비추천,1728149967,286
본편은 정가의 두배를 줘도 아깝지않음. DLC는 만원에 사도 아까움 본편만 즐기세요 DLC는 혐오 제조기임,비추천,1728124679,6258
"이시발럼들아 
무슨 게임이 저장이 안되 내 10간 돌려놔 시발럼들아

내가 시급이 비싸거든? 20만원 환불해줘랴",비추천,1728038429,4948
"개 쓰레기 게임.

보스를 포함해 중간급 몬스터들의 난무 및 난격 패턴 떡칠해놔서 기존의 프롬의 소울라이크의 재미보단 짜증만 나옴!

세키로나 피의 거짓처럼 퍼펙트 가드가 되는 시스템이 있으면 몰라?

보스가 아주 미쳐 날뜀!

그리고 말레니아 무슨 미친 마약을 했길래, 피흡에 상태이상, 절대 피할 수 없는 난무기 패턴을 주냐? 거기다 그로기 풀리는 시간은 뭐이리 빨라?

약속의 왕 라단은 시체 새끼를 예토전생시켜서 잔상 난격 패턴은 뭐고? X자 베기 패턴 너프 먹어서 겨우 깼는데, 패치 전엔 깨지도 못했음.

노영체로 몇시간을 꼴아박으며 보스들의 억까 패턴을 운빨로 피해서 깬 소감상. 이 게임은 프롬소프트의 역대급 실패작이라 느낌.

차라리 다크소울2를 하고 만다. 마법이나 기도도 보스전에서 단독으로 쓸 여건이 안되서 영체가 준 필수 수준.

최악의 게임!",비추천,1727877307,14085
억까요소 줜나 많네,비추천,1727865367,32403
"참 재밌는 게임이였지만
버그 걸려서 게임 진행 불가능으로 90시간동안 게임한게 날아갔습니다",비추천,1727680425,8511
"다들 고티겜이라기에 소울류에 대한 거부감을 누르고 구입했습니다
먼저 구입한 다른 게임들부터 한 후 최근에 플레이를 시작했는데

일단 안티치트 오류가 반겨주고
그 후엔 로딩 오류가 반겨주고
그 후엔 튕김 현상이 반겨줍니다

이런 부분들을 뛰어넘는 뭔가 있어서 평가가 좋은 것이겠지만
개인적으로는 이렇게 기술적 결함이 많은데
왜 평가가 높은 지 모르겠네요

게임 세계관 자체도 그다지 매력적으로 느껴지지 않았고
스토리도 마찬가지입니다
붕즈붕즈한 특유의 타격감이야 이 시리즈 특유의 것이라하니
그걸 내려놓고 봐도 도저히 좋은 점수는 못줄 것 같아요

40% 할인으로 구입했지만
워낙 고가이다 보니 5만원 가까운 돈이었는데
다른 취향에 맞는 게임 살 걸 
괜히 샀다고 후회됩니다",비추천,1727538289,357
스트레스 유발 게임,비추천,1727459895,1832
스팀덱으로 하기 좀 불편함,비추천,1727362915,68
"불친절한 진행 가이드와 불합리한 고난이도 게임을 좋아하거나 즐기는게 아니라면
30% 세일을 하건 50% 세일을 하던 돈주고 게임하지 마세요
더 몇 년 뒤에 무료로 풀린다면 한번 체험해볼만합니다.
돈내고 사서하려니까 돈 아깝고, 시간만 날려먹은 게임

116시간 플레이 1회차 클리어 후 추가 후기
진짜 어디까지 플레이어를 골탕먹이고 불쾌하게 만들수있는지 끝을보려고 해봤는데
끝까지 불쾌한 게임
아무리 레벨을 올려도 쉬워지지 않고 되려
내 레벨이 오른만큼 난이도도 같이 올라갑니다 ㅈ같은 게임

After play game for  116 hours and complete NewGame
Totally Oucking Disgusting Game:
A game that combines elements such as difficulty, graphics, character control, etc. 
to provide the player with the worst unpleasant experience
Never play this game unless it's free
OR
If you like terrible graphics, gaming experiences, and very difficult games...
 It's going to be the best game ever.
",비추천,1727269033,7014
ㅗ,비추천,1727266965,151
ㅅㅡ발 굴렀잖아 때렸잖아 왜 안 맞는건데 도대체,비추천,1727123872,3092
니애미,비추천,1727094567,460
"처음으로 해보는 프롬겜.
다크소울류 보다는 쉽다고, 정말 재밌다고 추천받아서 함.
하지만 내가 보기엔 이 쪽 회사 게임 좋아하는 사람들은 마조가 틀림없음.
일 대 다수가 되면 학창시절 빵셔틀 마냥 다구리 쳐맞고, 
보스든 중간보스든 간에 칼질 좀 하려하면 몹의 화려한 콤보에 
제대로 손도 못대보고 내 캐릭이 터져나감. 그리고 그걸 보는 내 속도 터져나감.
더군다나 제대로된 튜토리얼도 없고, 2번 죽으면 내가 힘겹게 모은 룬은 왜 사라지며,
적은 내 캐릭보다 왜이리 쎈지, 물약은 왜 3개가 끝이고 체력도 끝까지 안차는지
도대체 이해 안되는 것들 투성임.
일과시간 끝나고 편하게 게임을 하는게 아니라 컴퓨터로 또 다른 노동을 하는 느낌임.
명작으로 취급받는 이유를 모르겠음.
본인이 맞는걸 좋아한다 싶으면 이 겜을 추천함.


",비추천,1726915183,97
"두괄 요약 : 게임을 어렵게 만들기 어려우니, 불편하게 만들어 난이도를 높이겠다의 후발주자.
재미 별점 : ★★☆ (탐험, 성취감, 성장의 즐거움, 근데 게임이 재밌나?)
장르 티어 : B
개인 평점 : 게임계 디진다 돈까스. 맛있어서 먹는게 아닌, '난 먹을만 하던데?' 하려고 먹는 게임. 

※ RPG 티어 기준 (성장하는 재미)
S. 스카이림 / 와우 / 구 던파 / 구 바람의나라 (과몰입 가능)
A. 몬스터 헌터 / 디아블로 (스펙업하고싶어서 게임 더 함)
B. 건 파이어 리본 / 데드셀 / 엘든링 (잘 만듬)
C. 메이플 (기본)
D. (시간 아까움)",비추천,1726902956,1623
"출시때 구매 2시간만에 환불.  갓겜이라는 대세에 고민끝에 dlc 출시까지 했길래 결국 질렀고,  컨트롤러까지 장착하고 입문했지만,,,수차례 켜고 끄고를 반복하다 얻은 결론은,  나랑은 안맞구나,  재미 없다.",비추천,1726359434,749
억지 패턴 남발,비추천,1726323726,6578
HA!,비추천,1726245946,680
"유투브 설명 동영상 따라하기 안하면 진도를 못나감.
계속 따라하다보면 내가 지금 게임을 하는건지... 따라하기만 하는건지 모르겠음
",비추천,1726232352,6634
"아니 십
79503d  4090인데 사펑보다 더 끊기네 진짜",비추천,1725888239,3394
"게임 플탐이 너무 짧아요
늘려주세요",비추천,1725784283,11829
" w너무어려움
",비추천,1725542813,9092
돈 아까운 게임,비추천,1725449550,612
잘만들었지만 그냥 닼소 4,비추천,1725317507,12016
"일단 한 배설 한다는 사람들을 모으는거임 완전 장인까진 아니고 좀 치는 사람들로
그리고 다같이 토론을 하는거임 이 똥이 어떻게 해야 멋져질까
건더기로 옥수수나 콩나물을 추가해 보기도 하고 좀더 묽게 해보기도 하고 황금으로 도색도 하고 dlc는 피똥으로 해보기도 하는거지
그렇게 엄선하면서 최선을 다해 빚은 똥
그게 이거임",비추천,1725194759,12024
.,비추천,1724875847,4112
 -,비추천,1724744779,596
" dlc는 길이 진짜 극악이다
보스 패턴 또한 너무할 정도로 개초딩 기술을 내지른다..",비추천,1724675331,16304
어려운거랑 부조리를 구별 못함,비추천,1724581823,6827
dlc 벨런스 좆망 시간 뗴우기용 그림자파편 좆같음 본편은 모르겠는데dlc는 똥내나는 좆쓰레기게임ㅇㅇ,비추천,1724570795,5443
우~ 약속의 왕 라단 우우우~~~,비추천,1724172548,10680
하기 싫은 어려움,비추천,1723969344,1199
어려운 거랑 시스템 개똥같이 만들어서 개같은 거랑 구분을 못 하나봄,비추천,1723900828,3713
"[600시간 넘게 하고 도전과제 다 챙긴 후 내린 결론]

유니크한 크리쳐 디자인이나 배경 분위기 같이 좋았던 점도 있지만 보다 안 좋은 점이 너무 많았다. 
다 떠나서 핵심 중 핵심만 말할께.

이 게임은 어려운게 아니라 '눈을 가리고' 깨라는 말도 안되는 방법을 사용해.
게임의 많은 부분 얼마든지 깰 수 있는 쉬운 방법들을 찾을 수 있고 경험이 쌓이면 어렵지 않게 넘길 수 있어.  
하지만 시스템이 카메라를 의도적으로 돌리거나, 
확대해서 적이나 나 조차도 보이지 않게 하거나, 
이팩트로 화면 전체를 꽉 채워.
눈으로 보고 깨지 말라는거지.
거기에 타겟 설정에도 문제가 많아.
보통 내가 보는 시점으로 타겟이 잡혀야 하는데 몸통 방향으로 타겟이 잡히지,
 전투 중 타겟이 풀려 다시 잡을 때 어뚱한 곳 바라보다 뒤통수 맞는 짜증나는 상황이 자주 연출 돼.
그리고 그로기나 다운, 장애물 뒤로 이동시 타겟 풀리는 것도 번거롭고 스트레스 쌓이는 일이야, 
한 예로 내가 잡던 몹과 대치 중에 타겟이 풀려 다시 잡으면 그 옆에 잡몹으로 시점이 전환되는 거야. 
사슴이나 다람쥐로 시점 전환될 때 패드 던져버리고 싶어지지.

정리하자면 내 목표물을 눈 앞에 두기 힘들 게 하고 잘 보여주지 않는 다는 거야.
눈가리고 여러번 도전해서 패턴을 암기하고 영점 몇 초 후 뭐가 날아올지 외우라는 거지.
이정도면 게임이 정상이 아닌거야.  
스트레스 유발하는 시스템 구간들이 너무 많아.

내가 600시간 넘게 한 이유는 이 게임의 중독성 때문이거든.
중간에 참 재밌다는 생각도 했는데 이건 술이나 담배 같은 거라고 생각하면 돼.  
끊을 수 없는 중독. 그리고 오기.  
뭔가 아이템을 바꾸거나 레벨을 더 올리면 나아지지 않을까라는 기대감...
몇 번 몇 십번의 도전 끝에 모든 보스를 다 잡아보긴 했는데 다시 잡을 땐 또 보이질 않아 짜증이나.  
성취감? 그건 이딴 거 에서 느낄 게 아니지 않나?

적어도 카메라만 조금 멀리 보는 시점으로 바꿀 수 있으면, 
타겟이 풀리지만 않으면,
이 게임 어렵다는 이야기 정말 많이 없어질꺼야. 

내 결론은 
이건 스트레스 주고 시간 잡아먹는 해로운 게임이다!
이제 시작하려는 사람은 건너뛰는 거 추천함!

니가 레벨을 아무리 올리고 아무리 연습을 해도 니 맘에 들어차게 절대 플레이 할 수 없어.
이 게임을 하게되면 언제나 모자른 느낌이 들테고 시간을 아무리 갈아 넣어도 끝내 채워지지 못해 지루해지고 지쳐갈꺼야.",비추천,1723857401,38663
내가 한 게임중에 제일 xxxxx게임,비추천,1723697263,568
재미는 있는데 추천은 안함,비추천,1723483530,2346
"나는 소울류라고 하는 장르에 대한 이해가 부족하긴 한가봄, 근데 채울 생각도 들지 않았음.",비추천,1723149705,3946
라단 축제할땐 레이드라도 시켜줬지 라단게이는 어떻게 싸우라는거지?,비추천,1722999138,17782
넘모 어렵다,비추천,1722955527,23
개같다 진짜.....,비추천,1722871352,22571
Fucking Furnace Golem. Just trash monster idea.,비추천,1722637220,20642
DLC가 아니라 엄D진LC네요,비추천,1722515316,6008
>:(🖕 >:(🖕 >:(🖕 >:(🖕 >:(🖕 >:(🖕 >:(🖕 >:(🖕 >:(🖕,비추천,1722363202,135
뉴비배척겜,비추천,1722345581,96
그만좀튕겨그만좀튕겨그만좀튕겨그만좀튕겨그만좀튕겨그만좀튕겨그만좀튕겨그만좀튕겨그만좀튕겨그만좀튕겨그만좀튕겨그만좀튕겨그만좀튕겨그만좀튕겨그만좀튕겨그만좀튕겨그만좀튕겨그만좀튕겨그만좀튕겨그만좀튕겨그만좀튕겨그만좀튕겨그만좀튕겨그만좀튕겨그만좀튕겨그만좀튕겨그만좀튕겨그만좀튕겨그만좀튕겨그만좀튕겨그만좀튕겨그만좀튕겨그만좀튕겨그만좀튕겨그만좀튕겨그만좀튕겨그만좀튕겨그만좀튕겨그만좀튕겨그만좀튕겨그만좀튕겨그만좀튕겨그만좀튕겨그만좀튕겨그만좀튕겨그만좀튕겨그만좀튕겨그만좀튕겨그만좀튕겨그만좀튕겨그만좀튕겨그만좀튕겨그만좀튕겨그만좀튕겨그만좀튕겨그만좀튕겨그만좀튕겨그만좀튕겨그만좀튕겨그만좀튕겨그만좀튕겨그만좀튕겨그만좀튕겨그만좀튕겨그만좀튕겨그만좀튕겨그만좀튕겨그만좀튕겨그만좀튕겨그만좀튕겨그만좀튕겨그만좀튕겨그만좀튕겨그만좀튕겨그만좀튕겨그만좀튕겨그만좀튕겨그만좀튕겨그만좀튕겨그만좀튕겨그만좀튕겨그만좀튕겨그만좀튕겨그만좀튕겨그만좀튕겨그만좀튕겨그만좀튕겨그만좀튕겨그만좀튕겨,비추천,1722329935,6436
개병신게임,비추천,1722314460,4423
본편재밌음 미켈라단쓰레기같음,비추천,1722251646,10410
영웅의 가고일 시발련아,비추천,1721967058,5572
dlc나오고 친구에게 같이 하자고 소개 시켜주려고 오랜만에 들어왔는데 부정동작이 검출됐다고 온라인모드 안되더라.. 뭐냐 이거 해결은 안볼꺼고 그냥 안할란다 에잇 퉤,비추천,1721917816,17171
본편까지만 재미있고 dlc는 대충만든 느낌이다 보스퀄리티도 떨어지고 패턴도 대충 만든 느낌이다 본편만 사고 dlc는 사지 않는걸 추천,비추천,1721858560,12394
"엘든링 ㅈㄴ 비추하는 이유
1.이새끼들은 ㅈㄴ 게임 불친절하게 만듬.걍 인간성 결여된거같음
2.계산을 제대로 안함.안죽는건 죽고 죽는건 안죽는 이상한 곳이랑 데미지 설정을 ㅄ같이함
3.보스들 나오는 지형이나 패턴이 ㅈ같음,그리고 쉬운건 ㅈㄴ 쉽고 어려운건 ㅈㄴ어렵게만듬
그냥 개ㅄ마냥 난이도 설정 ㅈㅇ인같이 하고 유저들보고 니알빠임 알아서하셈 마인드로 함
어이없을수밖에 없음.
4.억까를 ㅈㄴ많이 함.피해진걸 처맞았다하는 개ㅄ같은 판정이 ㅈㄴ게 많음 애초에 그렇게 설정쳐할거면 구르기 없애는게 더 나을듯
5.DLC 냈는데 DLC가 ㅈ같음.원래 다른 게임들 DLC는 본 게임에 재미를 더해주는 요소임.근데 이새끼들은 DLC도 개어렵고 불친절하게 만듬.
그냥 장점이라곤 좋은 프레임이랑 무기들빼곤 단점밖에 없음 할인하고 친구들이 추천했다고 해서 사지마셈.억까가 생각한것보다 더 많음.걍 억까충샛기들이 히히너네 ㅈ되바라 하고 만든거같음.쳐굴러서 힘들게 피했는데 쳐맞았다 판정나고 뒤진게 한두번이 아님.
돈 ㅈㄴ아까움 글쓴이도 왜 샀지 하면서 후회중임
만약 프롬이 이글을 본다면 면상에 대고 지적장애인이 게임 만들어도 이것보단 잘만들겠다 박고싶음.
솔직히 게임성하나만큼은 뭐 인정한다 치지만 그거말곤 그냥 ㅄㅈㅇ인같은 것들만 잔뜩 모아놓음.
절대 사지마셈 진짜 비추함",비추천,1721829299,7158
ㅗ,비추천,1721764602,12654
DLC 빡셈,비추천,1721656793,16876
잘한다 잘한다 칭찬해하니 결국 선을 넘어버린 게임,비추천,1721656288,18906
잘 모르겠다,비추천,1721568725,42
"게임이 너무 불친절. 소울시리즈를 해왔던 유저들을 위한 게임인것 같다. 분명 재밌을것같고 잘 만든것 같은데, 너무나 진입장벽이 높다. 그 진입장벽을 극복해야만 이 게임을 100%즐길수 있을것 같다.",비추천,1721410157,111
이딴걸 5만원 받고 파냐 중소라고 버그나 서버 밸런스 다 어느정도 봐주니까 드디어 진짜 씹창이 나는구나,비추천,1721372126,22826
f,비추천,1721281861,10273
"아마도 양손잡기, 그러므로 
아... 씨앗... 폭발...",비추천,1721144058,19704
또뒤짐,비추천,1721140827,2083
핵쟁이때메 무고벤먹음,비추천,1721119247,19484
"광활한 이 다크 판타지 세계에서 수 많은 ""고통""을 즐기며 성취감을 얻는 것에 흥미를 느끼는 자에게는 추천함",비추천,1721115731,1230
DSIII is better.,비추천,1721082292,1225
키마 좃같은 게임,비추천,1721042733,13360
똥몹시발,비추천,1721007835,7183
ㅈㄴ어려움 그냥 열받음 클리어 하는데 빡침밖에 없음 가는길도 ㅈ같아,비추천,1720962965,3957
"찍먹 해본 후기는 일단 명성에 비해서 그렇게 재미있는지는 모르겠고
다른걸 떠나서 PC버전도 콘솔 마냥 60HZ 강제하는게 개 씨발임
무슨 인디겜도 아니고 시리즈 내내 이렇다는게 좀;
재미도 생각 이하고 프레임 강제도 그렇고 환불 때릴까 고민중",비추천,1720920644,108
dlc ㄴㄴ,비추천,1720878980,11790
제발 버그좀 고쳐줘,비추천,1720867848,6096
단점이 드럽게 많아서 다 말하기 귀찮음. 이게 진짜 23년도에 나온 게임이 맞아?? 13년이 아니고????,비추천,1720814979,2690
돌아가라,비추천,1720802565,4902
"나는 왜 소울라이크를 재밌다고 하는지 도저히 이해가 되지 않습니다. 
할때마다 불쾌함만 가득 안겨주는 게임인데, 참으로 이해가 되질 않습니다.",비추천,1720784148,1424
"억까의 억까, 플레이어를 놀리는듯한 게임디자인, 도전정신을 불러일으키긴 개뿔 그냥 빡치라고 만든듯한 패턴과 구도, 옆에서 누가 알려주거나, 여러번 죽어보지않으면 알 수 없는 길찾기와 몹배치 등등

차라리 세키로가 낫다.",비추천,1720654400,11821
"동작도 물에서 움직이는거 마냥 답답하고
입력에 선딜레이도 있는거같이 입력해도 바로바로 안움직이고
뭘 해야할지도 모르겠고
p의거짓 하면서 엇박자 엿같다 했는데 체감상 이 게임이 더 심함
p의거짓,인왕1,2 다 클리어 하고 근본 소울라이크 게임할려고 사서 해봤는데 나한테는 안맞음
산게 아까워서 하기는 할거같은데 ""아 하고싶어서 못참겠다!"" 가 아니라 진짜 할꺼없을때만 킬듯",비추천,1720619721,575
내 취향은 아닌듯 함,비추천,1720603500,100
"시발  점프를 만들어서 점프공격? 재밋네 했더니 시발 점프맵을 만들어놧네

그리고 보스방 앞에 메세지 도배 하는 새끼들 애@미없냐? 그느들때매 오프라인 바꾸고 다시 접속해야되잖아

시발진짜 ㅈ같네",비추천,1720578304,4395
^l발 ㅈ같은 게이신 죽이기 위해서 내가 이 지랄을 했다는게 말이 안되네 씨빨꺼,비추천,1720539496,3706
병신같음,비추천,1720529633,4244
"뱀창글리치좀 막아 시발
그리고 부정동작은 니미 시발련이 핵쟁이 글리치 좆도못잡으면서 멀쩡한사람한테 ㅈㄴ띄어서 겜 못하게만드네",비추천,1720527391,8720
ㅗ,비추천,1720512001,628
.,비추천,1720455098,28711
라단씹새는 거의 못깨게 만들어놓고 게임은 존나튕기고 걍 게임 하지말라는거 아니냐?,비추천,1720442223,9402
"듀오,,트레스,,,아고스,,,,

니힐!!",비추천,1720430008,4413
환불요청합니다,비추천,1720426062,47
돈주고 산건데 멀티가 안돼 시발럼들,비추천,1720424371,10567
라다곤 씹새끼,비추천,1720413754,5508
피했다고 씨발련아,비추천,1720400774,3266
도우미 소환해놨더니 처맞고 나오면 안되는 패턴 쳐 나와서 더 오래 걸리고 개 미친 게임 꺼져 안해,비추천,1720372954,861
해보면 명작인 척 하는 븅신겜인걸 알거다 이세끼들 걍 겜만들 실력도 안되고 븅신같이만들어서 어려운게임 523시간박아서 잘한다고 겜빨아주는 븅신들한테 처빨리면서 좋아하는 머저리들이 만든 게임임,비추천,1720348186,16665
개좆쓰레기,비추천,1720290968,32842
아무리 그래도 잡히면 한방은 아니잖아 애미 ㅅ발,비추천,1720284454,15796
패드 부시고싶으면 하던가,비추천,1720280629,6680
본편은 극추천 DLC는 화만 납니다 드랍하세요,비추천,1720276126,8260
부정동작이 검출되었습니다. 타이틀 화면으로 돌아갑니다. 부정동작이 검출되었습니다. 타이틀 화면으로 돌아갑니다. 부정동작이 검출되었습니다. 타이틀 화면으로 돌아갑니다. 부정동작이 검출되었습니다. 타이틀 화면으로 돌아갑니다. 부정동작이 검출되었습니다. 타이틀 화면으로 돌아갑니다. 부정동작이 검출되었습니다. 타이틀 화면으로 돌아갑니다. 부정동작이 검출되었습니다. 타이틀 화면으로 돌아갑니다. 부정동작이 검출되었습니다. 타이틀 화면으로 돌아갑니다. 부정동작이 검출되었습니다. 타이틀 화면으로 돌아갑니다. 부정동작이 검출되었습니다. 타이틀 화면으로 돌아갑니다. 부정동작이 검출되었습니다. 타이틀 화면으로 돌아갑니다. 부정동작이 검출되었습니다. 타이틀 화면으로 돌아갑니다. 부정동작이 검출되었습니다. 타이틀 화면으로 돌아갑니다. 부정동작이 검출되었습니다. 타이틀 화면으로 돌아갑니다. 부정동작이 검출되었습니다. 타이틀 화면으로 돌아갑니다. 부정동작이 검출되었습니다. 타이틀 화면으로 돌아갑니다. 부정동작이 검출되었습니다. 타이틀 화면으로 돌아갑니다. 부정동작이 검출되었습니다. 타이틀 화면으로 돌아갑니다. 부정동작이 검출되었습니다. 타이틀 화면으로 돌아갑니다. 부정동작이 검출되었습니다. 타이틀 화면으로 돌아갑니다. 부정동작이 검출되었습니다. 타이틀 화면으로 돌아갑니다. 부정동작이 검출되었습니다. 타이틀 화면으로 돌아갑니다. 부정동작이 검출되었습니다. 타이틀 화면으로 돌아갑니다. 부정동작이 검출되었습니다. 타이틀 화면으로 돌아갑니다. 부정동작이 검출되었습니다. 타이틀 화면으로 돌아갑니다. 부정동작이 검출되었습니다. 타이틀 화면으로 돌아갑니다. 부정동작이 검출되었습니다. 타이틀 화면으로 돌아갑니다. 부정동작이 검출되었습니다. 타이틀 화면으로 돌아갑니다. 부정동작이 검출되었습니다. 타이틀 화면으로 돌아갑니다. 부정동작이 검출되었습니다. 타이틀 화면으로 돌아갑니다. 부정동작이 검출되었습니다. 타이틀 화면으로 돌아갑니다. 부정동작이 검출되었습니다. 타이틀 화면으로 돌아갑니다. 부정동작이 검출되었습니다. 타이틀 화면으로 돌아갑니다. 부정동작이 검출되었습니다. 타이틀 화면으로 돌아갑니다. 부정동작이 검출되었습니다. 타이틀 화면으로 돌아갑니다. 부정동작이 검출되었습니다. 타이틀 화면으로 돌아갑니다. 부정동작이 검출되었습니다. 타이틀 화면으로 돌아갑니다. 부정동작이 검출되었습니다. 타이틀 화면으로 돌아갑니다. 부정동작이 검출되었습니다. 타이틀 화면으로 돌아갑니다. 부정동작이 검출되었습니다. 타이틀 화면으로 돌아갑니다. 부정동작이 검출되었습니다. 타이틀 화면으로 돌아갑니다. 부정동작이 검출되었습니다. 타이틀 화면으로 돌아갑니다. 부정동작이 검출되었습니다. 타이틀 화면으로 돌아갑니다. 부정동작이 검출되었습니다. 타이틀 화면으로 돌아갑니다. 부정동작이 검출되었습니다. 타이틀 화면으로 돌아갑니다. 부정동작이 검출되었습니다. 타이틀 화면으로 돌아갑니다. 부정동작이 검출되었습니다. 타이틀 화면으로 돌아갑니다. 부정동작이 검출되었습니다. 타이틀 화면으로 돌아갑니다. 부정동작이 검출되었습니다. 타이틀 화면으로 돌아갑니다. 부정동작이 검출되었습니다. 타이틀 화면으로 돌아갑니다. 부정동작이 검출되었습니다. 타이틀 화면으로 돌아갑니다. 부정동작이 검출되었습니다. 타이틀 화면으로 돌아갑니다. 부정동작이 검출되었습니다. 타이틀 화면으로 돌아갑니다. 부정동작이 검출되었습니다. 타이틀 화면으로 돌아갑니다. 부정동작이 검출되었습니다. 타이틀 화면으로 돌아갑니다. 부정동작이 검출되었습니다. 타이틀 화면으로 돌아갑니다. 부정동작이 검출되었습니다. 타이틀 화면으로 돌아갑니다. 부정동작이 검출되었습니다. 타이틀 화면으로 돌아갑니다. 부정동작이 검출되었습니다. 타이틀 화면으로 돌아갑니다. 부정동작이 검출되었습니다. 타이틀 화면으로 돌아갑니다. 부정동작이 검출되었습니다. 타이틀 화면으로 돌아갑니다. 부정동작이 검출되었습니다. 타이틀 화면으로 돌아갑니다. 부정동작이 검출되었습니다. 타이틀 화면으로 돌아갑니다. 부정동작이 검출되었습니다. 타이틀 화면으로 돌아갑니다. 부정동작이 검출되었습니다. 타이틀 화면으로 돌아갑니다. 부정동작이 검출되었습니다. 타이틀 화면으로 돌아갑니다. 부정동작이 검출되었습니다. 타이틀 화면으로 돌아갑니다. 부정동작이 검출되었습니다. 타이틀 화면으로 돌아갑니다. 부정동작이 검출되었습니다. 타이틀 화면으로 돌아갑니다. 부정동작이 검출되었습니다. 타이틀 화면으로 돌아갑니다. 부정동작이 검출되었습니다. 타이틀 화면으로 돌아갑니다. 부정동작이 검출되었습니다. 타이틀 화면으로 돌아갑니다. 부정동작이 검출되었습니다. 타이틀 화면으로 돌아갑니다. 부정동작이 검출되었습니다. 타이틀 화면으로 돌아갑니다. 부정동작이 검출되었습니다. 타이틀 화면으로 돌아갑니다. 부정동작이 검출되었습니다. 타이틀 화면으로 돌아갑니다. 부정동작이 검출되었습니다. 타이틀 화면으로 돌아갑니다. 부정동작이 검출되었습니다. 타이틀 화면으로 돌아갑니다. 부정동작이 검출되었습니다. 타이틀 화면으로 돌아갑니다. 부정동작이 검출되었습니다. 타이틀 화면으로 돌아갑니다. 부정동작이 검출되었습니다. 타이틀 화면으로 돌아갑니다. 부정동작이 검출되었습니다. 타이틀 화면으로 돌아갑니다. 부정동작이 검출되었습니다. 타이틀 화면으로 돌아갑니다. 부정동작이 검출되었습니다. 타이틀 화면으로 돌아갑니다. 부정동작이 검출되었습니다. 타이틀 화면으로 돌아갑니다. 부정동작이 검출되었습니다. 타이틀 화면으로 돌아갑니다. 부정동작이 검출되었습니다. 타이틀 화면으로 돌아갑니다. 부정동작이 검출되었습니다. 타이틀 화면으로 돌아갑니다. 부정동작이 검출되었습니다. 타이틀 화면으로 돌아갑니다. 부정동작이 검출되었습니다. 타이틀 화면으로 돌아갑니다. 부정동작이 검출되었습니다. 타이틀 화면으로 돌아갑니다. 부정동작이 검출되었습니다. 타이틀 화면으로 돌아갑니다. 부정동작이 검출되었습니다. 타이틀 화면으로 돌아갑니다. 부정동작이 검출되었습니다. 타이틀 화면으로 돌아갑니다. 부정동작이 검출되었습니다. 타이틀 화면으로 돌아갑니다. 부정동작이 검출되었습니다. 타이틀 화면으로 돌아갑니다. 부정동작이 검출되었습니다. 타이틀 화면으로 돌아갑니다. 부정동작이 검출되었습니다. 타이틀 화면으로 돌아갑니다. 부정동작이 검출되었습니다. 타이틀 화면으로 돌아갑니다. 부정동작이 검출되었습니다. 타이틀 화면으로 돌아갑니다. 부정동작이 검출되었습니다. 타이틀 화면으로 돌아갑니다. 부정동작이 검출되었습니다. 타이틀 화면으로 돌아갑니다. 부정동작이 검출되었습니다. 타이틀 화면으로 돌아갑니다. 부정동작이 검출되었습니다. 타이틀 화면으로 돌아갑니다. 부정동작이 검출되었습니다. 타이틀 화면으로 돌아갑니다. 부정동작이 검출되었습니다. 타이틀 화면으로 돌아갑니다. 부정동작이 검출되었습니다. 타이틀 화면으로 돌아갑니다. 부정동작이 검출되었습니다. 타이틀 화면으로 돌아갑니다. 부정동작이 검출되었습니다. 타이틀 화면으로 돌아갑니다. 부정동작이 검출되었습니다. 타이틀 화면으로 돌아갑니다. 부정동작이 검출되었습니다. 타이틀 화면으로 돌아갑니다. 부정동작이 검출되었습니다. 타이틀 화면으로 돌아갑니다. 부정동작이 검출되었습니다. 타이틀 화면으로 돌아갑니다. 부정동작이 검출되었습니다. 타이틀 화면으로 돌아갑니다. 부정동작이 검출되었습니다. 타이틀 화면으로 돌아갑니다. 부정동작이 검출되었습니다. 타이틀 화면으로 돌아갑니다. 부정동작이 검출되었습니다. 타이틀 화면으로 돌아갑니다. 부정동작이 검출되었습니다. 타이틀 화면으로 돌아갑니다. 부정동작이 검출되었습니다. 타이틀 화면으로 돌아갑니다. 부정동작이 검출되었습니다. 타이틀 화면으로 돌아갑니다. 부정동작이 검출되었습니다. 타이틀 화면으로 돌아갑니다. 부정동작이 검출되었습니다. 타이틀 화면으로 돌아갑니다. 부정동작이 검출되었습니다. 타이틀 화면으로 돌아갑니다. 부정동작이 검출되었습니다. 타이틀 화면으로 돌아갑니다. 부정동작이 검출되었습니다. 타이틀 화면으로 돌아갑니다. 부정동작이 검출되었습니다. 타이틀 화면으로 돌아갑니다. 부정동작이 검출되었습니다. 타이틀 화면으로 돌아갑니다. 부정동작이 검출되었습니다. 타이틀 화면으로 돌아갑니다. 부정동작이 검출되었습니다. 타이틀 화면으로 돌아갑니다. 부정동작이 검출되었습니다. 타이틀 화면으로 돌아갑니다. 부정동작이 검출되었습니다. 타이틀 화면으로 돌아갑니다. 부정동작이 검출되었습니다. 타이틀 화면으로 돌아갑니다. 부정동작이 검출되었습니다. 타이틀 화면으로 돌아갑니다. 부정동작이 검출되었습니다. 타이틀 화면으로 돌아갑니다. 부정동작이 검출되었습니다. 타이틀 화면으로 돌아갑니다. 부정동작이 검출되었습니다. 타이틀 화면으로 돌아갑니다. 부정동작이 검출되었습니다. 타이틀 화면으로 돌아갑니다. 부정동작이 검출되었습니다. 타이틀 화면으로 돌아갑니다. 부정동작이 검출되었습니다. 타이틀 화면으로 돌아갑니다. 부정동작이 검출되었습니다. 타이틀 화면으로 돌아갑니다. 부정동작이 검출되었습니다. 타이틀 화면으로 돌아갑니다. 부정동작이 검출되었습니다. 타이틀 화면으로 돌아갑니다. 부정동작이 검출되었습니다. 타이틀 화면으로 돌아갑니다. 부정동작이 검출되었습니다. 타이틀 화면으로 돌아갑니다. 부정동작이 검출되었습니다. 타이틀 화면으로 돌아갑니다. 부정동작이 검출되었습니다. 타이틀 화면으로 돌아갑니다. 부정동작이 검출되었습니다. 타이틀 화면으로 돌아갑니다. 부정동작이 검출되었습니다. 타이틀 화면으로 돌아갑니다. 부정동작이 검출되었습니다. 타이틀 화면으로 돌아갑니다. 부정동작이 검출되었습니다. 타이틀 화면으로 돌아갑니다. 부정동작이 검출되었습니다. 타이틀 화면으로 돌아갑니다. 부정동작이 검출되었습니다. 타이틀 화면으로 돌아갑니다. 부정동작이 검출되었습니다. 타이틀 화면으로 돌아갑니다. 부정동작이 검출되었습니다. 타이틀 화면으로 돌아갑니다. 부정동작이 검출되었습니다. 타이틀 화면으로 돌아갑니다. 부정동작이 검출되었습니다. 타이틀 화면으로 돌아갑니다. 부정동작이 검출되었습니다. 타이틀 화면으로 돌아갑니다. 부정동작이 검출되었습니다. 타이틀 화면으로 돌아갑니다. 부정동작이 검출되었습니다. 타이틀 화면으로 돌아갑니다. 부정동작이 검출되었습니다. 타이틀 화면으로 돌아갑니다. 부정동작이 검출되었습니다. 타이틀 화면으로 돌아갑니다. 부정동작이 검출되었습니다. 타이틀 화면으로 돌아갑니다. 부정동작이 검출되었습니다. 타이틀 화면으로 돌아갑니다. 부정동작이 검출되었습니다. 타이틀 화면으로 돌아갑니다. 부정동작이 검출되었습니다. 타이틀 화면으로 돌아갑니다. 부정동작이 검출되었습니다. 타이틀 화면으로 돌아갑니다. 부정동작이 검출되었습니다. 타이틀 화면으로 돌아갑니다. 부정동작이 검출되었습니다. 타이틀 화면으로 돌아갑니다. 부정동작이 검출되었습니다. 타이틀 화면으로 돌아갑니다. 부정동작이 검출되었습니다. 타이틀 화면으로 돌아갑니다. 부정동작이 검출되었습니다. 타이틀 화면으로 돌아갑니다. 부정동작이 검출되었습니다. 타이틀 화면으로 돌아갑니다. 부정동작이 검출되었습니다. 타이틀 화면으로 돌아갑니다. 부정동작이 검출되었습니다. 타이틀 화면으로 돌아갑니다. 부정동작이 검출되었습니다. 타이틀 화면으로 돌아갑니다. 부정동작이 검출되었습니다. 타이틀 화면으로 돌아갑니다. 부정동작이 검출되었습니다. 타이틀 화면으로 돌아갑니다. 부정동작이 검출되었습니다. 타이틀 화면으로 돌아갑니다. 부정동작이 검출되었습니다. 타이틀 화면으로 돌아갑니다. 부정동작이 검출되었습니다. 타이틀 화면으로 돌아갑니다. 부정동작이 검출되었습니다. 타이틀 화면으로 돌아갑니다. 부정동작이 검출되었습니다. 타이틀 화면으로 돌아갑니다. 부정동작이 검출되었습니다. 타이틀 화면으로 돌아갑니다. 부정동작이 검출되었습니다. 타이틀 화면으로 돌아갑니다. 부정동작이 검출되었습니다. 타이틀 화면으로 돌아갑니다. 부정동작이 검출되었습니다. 타이틀 화면으로 돌아갑니다. 부정동작이 검출되었습니다. 타이틀 화면으로 돌아갑니다. 부정동작이 검출되었습니다. 타이틀 화면으로 돌아갑니다. 부정동작이 검출되었습니다. 타이틀 화면으로 돌아갑니다. 부정동작이 검출되었습니다. 타이틀 화면으로 돌아갑니다. 부정동작이 검출되었습니다. 타이틀 화면으로 돌아갑니다. 부정동작이 검출되었습니다. 타이틀 화면으로 돌아갑니다. 부정동작이 검출되었습니다. 타이틀 화면으로 돌아갑니다. 부정동작이 검출되었습니다. 타이틀 화면으로 돌아갑니다. 부정동작이 검출되었습니다. 타이틀 화면으로 돌아갑니다. 부정동작이 검출되었습니다. 타이틀 화면으로 돌아갑니다. 부정동작이 검출되었습니다. 타이틀 화면으로 돌아갑니다. 부정동작이 검출되었습니다. 타이틀 화면으로 돌아갑니다. 부정동작이 검출되었습니다. 타이틀 화면으로 돌아갑니다. 부정동작이 검출되었습니다. 타이틀 화면으로 돌아갑니다. 부정동작이 검출되었습니다. 타이틀 화면으로 돌아갑니다. 부정동작이 검출되었습니다. 타이틀 화면으로 돌아갑니다. 부정동작이 검출되었습니다. 타이틀 화면으로 돌아갑니다. 부정동작이 검출되었습니다. 타이틀 화면으로 돌아갑니다. 부정동작이 검출되었습니다. 타이틀 화면으로 돌아갑니다. 부정동작이 검출되었습니다. 타이틀 화면으로 돌아갑니다. 부정동작이 검출되었습니다. 타이틀 화면으로 돌아갑니다. 부정동작이 검출되었습니다. 타이틀 화면으로 돌아갑니다. 부정동작이 검출되었습니다. 타이틀 화면으로 돌아갑니다. 부정동작이 검출되었습니다. 타이틀 화면으로 돌아갑니다. 부정동작이 검출되었습니다. 타이틀 화면으로 돌아갑니다. 부정동작이 검출되었습니다. 타이틀 화면으로 돌아갑니다. 부정동작이 검출되었습니다. 타이틀 화면으로 돌아갑니다. 부정동작이 검출되었습니다. 타이틀 화면으로 돌아갑니다. 부정동작이 검출되었습니다. 타이틀 화면으로 돌아갑니다. 부정동작이 검출되었습니다. 타이틀 화면으로 돌아갑니다. 부정동작이 검출되었습니다. 타이틀 화면으로 돌아갑니다. 부정동작이 검출되었습니다. 타이틀 화면으로 돌아갑니다. 부정동작이 검출되었습니다. 타이틀 화면으로 돌아갑니다. 부정동작이 검출되었습니다. 타이틀 화면으로 돌아갑니다. 부정동작이 검출되었습니다. 타이틀 화면으로 돌아갑니다. 부정동작이 검출되었습니다. 타이틀 화면으로 돌아갑니다. 부정동작이 검출되었습니다. 타이틀 화면으로 돌아갑니다. 부정동작이 검출되었습니다. 타이틀 화면으로 돌아갑니다. 부정동작이 검출되었습니다. 타이틀 화면으로 돌아갑니다. 부정동작이 검출되었습니다. 타이틀 화면으로 돌아갑니다. 부정동작이 검출되었습니다. 타이틀 화면으로 돌아갑니다. 부정동작이 검출되었습니다. 타이틀 화면으로 돌아갑니다. 부정동작이 검출되었습니다. 타이틀 화면으로 돌아갑니다. 부정동작이 검출되었습니다. 타이틀 화면으로 돌아갑니다. 부정동작이 검출되었습니다. 타이틀 화면으로 돌아갑니다. 부정동작이 검출되었습니다. 타이틀 화면으로 돌아갑니다. 부정동작이 검출되었습니다. 타이틀 화면으로 돌아갑니다. 부정동작이 검출되었습니다. 타이틀 화면으로 돌아갑니다. 부정동작이 검출되었습니다. 타이틀 화면으로 돌아갑니다. 부정동작이 검출되었습니다. 타이틀 화면으로 돌아갑니다. 부정동작이 검출되었습니다. 타이틀 화면으로 돌아갑니다. 부정동작이 검출되었습니다. 타이틀 화면으로 돌아갑니다. 부정동작이 검출되었습니다. 타이틀 화면으로 돌아갑니다. 부정동작이 검출되었습니다. 타이틀 화면으로 돌아갑니다. 부정동작이 검출되었습니다. 타이틀 화면으로 돌아갑니다. 부정동작이 검출되었습니다. 타이틀 화면으로 돌아갑니다. 부정동작이 검출되었습니다. 타이틀 화면으로 돌아갑니다. 부정동작이 검출되었습니다. 타이틀 화면으로 돌아갑니다. 부정동작이 검출되었습니다. 타이틀 화면으로 돌아갑니다. 부정동작이 검출되었습니다. 타이틀 화면으로 돌아갑니다. 부정동작이 검출되었습니다. 타이틀 화면으로 돌아갑니다. 부정동작이 검출되었습니다. 타이틀 화면으로 돌아갑니다. 부정동작이 검출되었습니다. 타이틀 화면으로 돌아갑니다. 부정동작이 검출되었습니다. 타이틀 화면으로 돌아갑니다. 부정동작이 검출되었습니다. 타이틀 화면으로 돌아갑니다. 부정동작이 검출되었습니다. 타이틀 화면으로 돌아갑니다. 부정동작이 검출되었습니다. 타이틀 화면으로 돌아갑니다. 부정동작이 검출되었습니다. 타이틀 화면으로 돌아갑니다. 부정동작이 검출되었습니다. 타이틀 화면으로 돌아갑니다. 부정동작이 검출되었습니다. 타이틀 화면으로 돌아갑니다. 부정동작이 검출되었습니다. 타이틀 화면으로 돌아갑니다. 부정동작이 검출되었습니다. 타이틀 화면으로 돌아갑니다.,비추천,1720267130,19251
이게 진짜 다크판타지지 ㅋㅋ,비추천,1720265874,426
공략 안보고 게임 하는편인데 그게 불가능할정도로 불친절하다..,비추천,1720265397,59
개어려움,비추천,1720262135,5077
"이 시발 진짜 무고밴을 몇번 처 하는건데 시발롬들라 개좆같은 새끼들이 아무것도 안 했다고 장애들아
",비추천,1720261059,20013
최적화가 아직도 그러네요,비추천,1720256982,321
"300만 룬,300만 룬,300만 룬,300만 룬,300만 룬,300만 룬,300만 룬,300만 룬,300만 룬,300만 룬,300만 룬,300만 룬,300만 룬,300만 룬,300만 룬,300만 룬,300만 룬,300만 룬,300만 룬,300만 룬,300만 룬,300만 룬,300만 룬,300만 룬,300만 룬,300만 룬,300만 룬,300만 룬,300만 룬,300만 룬,300만 룬,300만 룬,300만 룬,300만 룬,300만 룬,300만 룬,300만 룬,300만 룬,300만 룬,300만 룬,300만 룬,300만 룬,300만 룬,300만 룬,300만 룬,300만 룬,300만 룬,300만 룬,300만 룬,300만 룬,300만 룬,300만 룬,300만 룬,300만 룬,300만 룬,300만 룬,300만 룬,300만 룬,300만 룬,300만 룬,300만 룬,300만 룬,300만 룬,300만 룬,300만 룬,300만 룬,300만 룬,300만 룬,300만 룬,300만 룬,300만 룬,300만 룬,300만 룬,300만 룬,300만 룬,300만 룬,300만 룬,300만 룬,300만 룬,300만 룬,300만 룬,300만 룬,300만 룬,300만 룬,300만 룬,300만 룬,300만 룬,300만 룬,300만 룬,300만 룬,300만 룬,300만 룬,300만 룬,300만 룬,300만 룬,300만 룬,300만 룬,300만 룬,300만 룬,300만 룬,300만 룬,300만 룬,300만 룬,300만 룬,300만 룬,300만 룬,300만 룬,300만 룬,300만 룬,300만 룬,300만 룬,300만 룬,300만 룬,300만 룬,300만 룬,300만 룬,300만 룬,300만 룬,300만 룬,300만 룬,300만 룬,300만 룬,300만 룬,300만 룬,300만 룬,300만 룬,300만 룬,300만 룬,300만 룬,300만 룬,300만 룬,300만 룬,300만 룬,300만 룬,300만 룬,300만 룬,300만 룬,300만 룬,300만 룬,300만 룬,300만 룬,300만 룬,300만 룬,300만 룬,300만 룬,300만 룬,300만 룬,300만 룬,300만 룬,300만 룬,300만 룬,300만 룬,300만 룬,300만 룬,300만 룬,300만 룬,300만 룬,300만 룬,300만 룬,300만 룬,300만 룬,300만 룬,300만 룬,300만 룬,300만 룬,300만 룬,300만 룬,300만 룬,300만 룬,300만 룬,300만 룬,300만 룬,300만 룬,300만 룬,300만 룬,300만 룬,300만 룬,300만 룬,300만 룬,300만 룬,300만 룬,300만 룬,300만 룬,300만 룬,300만 룬,300만 룬,300만 룬,300만 룬,300만 룬,300만 룬,300만 룬,300만 룬,300만 룬,300만 룬,300만 룬,300만 룬,300만 룬,300만 룬,300만 룬,300만 룬,300만 룬,300만 룬,300만 룬,300만 룬,300만 룬,300만 룬,300만 룬,300만 룬,300만 룬,300만 룬,300만 룬,300만 룬,300만 룬,300만 룬,300만 룬,300만 룬,300만 룬,300만 룬,300만 룬,300만 룬,300만 룬,300만 룬,300만 룬,300만 룬,300만 룬,300만 룬,300만 룬,300만 룬,300만 룬,300만 룬,300만 룬,300만 룬,300만 룬,300만 룬,300만 룬,300만 룬,300만 룬,300만 룬,300만 룬,300만 룬,300만 룬,300만 룬,300만 룬,300만 룬,300만 룬,300만 룬,300만 룬,300만 룬,300만 룬,300만 룬,300만 룬,300만 룬,300만 룬,300만 룬,300만 룬,300만 룬,300만 룬,300만 룬,300만 룬,300만 룬,300만 룬,300만 룬,300만 룬,300만 룬,300만 룬,300만 룬,300만 룬,300만 룬,300만 룬,300만 룬,300만 룬,300만 룬,300만 룬,300만 룬,300만 룬,300만 룬,300만 룬,300만 룬,300만 룬,300만 룬,300만 룬,300만 룬,300만 룬,300만 룬,300만 룬,300만 룬,300만 룬,300만 룬,300만 룬,300만 룬,300만 룬,300만 룬,300만 룬,300만 룬,300만 룬,300만 룬,300만 룬,300만 룬,300만 룬,300만 룬,300만 룬,300만 룬,300만 룬,300만 룬,300만 룬,300만 룬,300만 룬,300만 룬,300만 룬,300만 룬,300만 룬,300만 룬,300만 룬,300만 룬,300만 룬,300만 룬,300만 룬,300만 룬,300만 룬,300만 룬,300만 룬,300만 룬,300만 룬,300만 룬,300만 룬,300만 룬,300만 룬,300만 룬,300만 룬,300만 룬,300만 룬,300만 룬,300만 룬,300만 룬,300만 룬,300만 룬,300만 룬,300만 룬,300만 룬,300만 룬,300만 룬,300만 룬,300만 룬,300만 룬,300만 룬,300만 룬,300만 룬,300만 룬,300만 룬,300만 룬,300만 룬,300만 룬,300만 룬,300만 룬,300만 룬,300만 룬,300만 룬,300만 룬,300만 룬,300만 룬,300만 룬,300만 룬,300만 룬,300만 룬,300만 룬,300만 룬,300만 룬,300만 룬,300만 룬,300만 룬,300만 룬,300만 룬,300만 룬,300만 룬,300만 룬,300만 룬,300만 룬,300만 룬,300만 룬,300만 룬,300만 룬,300만 룬,300만 룬,300만 룬,300만 룬,300만 룬,300만 룬,300만 룬,300만 룬,300만 룬,300만 룬,300만 룬,300만 룬,300만 룬,300만 룬,300만 룬,300만 룬,300만 룬,300만 룬,300만 룬,300만 룬,300만 룬,300만 룬,300만 룬,300만 룬,300만 룬,300만 룬,300만 룬,300만 룬,300만 룬,300만 룬,300만 룬,300만 룬,300만 룬,300만 룬,300만 룬,300만 룬,300만 룬,300만 룬,300만 룬,300만 룬,300만 룬,300만 룬,300만 룬,300만 룬,300만 룬,300만 룬,300만 룬,300만 룬,300만 룬,300만 룬,300만 룬,300만 룬,300만 룬,300만 룬,300만 룬,300만 룬,300만 룬,300만 룬,300만 룬,300만 룬,300만 룬,300만 룬,300만 룬,300만 룬,300만 룬,300만 룬,300만 룬,300만 룬,300만 룬,300만 룬,300만 룬,300만 룬,300만 룬,300만 룬,300만 룬,300만 룬,300만 룬,300만 룬,300만 룬,300만 룬,300만 룬,300만 룬,300만 룬,300만 룬,300만 룬,300만 룬,300만 룬,300만 룬,300만 룬,300만 룬,300만 룬,300만 룬,300만 룬,300만 룬,300만 룬,300만 룬,300만 룬,300만 룬,300만 룬,300만 룬,300만 룬,300만 룬,300만 룬,300만 룬,300만 룬,300만 룬,300만 룬,300만 룬,300만 룬,300만 룬,300만 룬,300만 룬,300만 룬,300만 룬,300만 룬,300만 룬,300만 룬,300만 룬,300만 룬,300만 룬,300만 룬,300만 룬,300만 룬,300만 룬,300만 룬,300만 룬,300만 룬,300만 룬,300만 룬,300만 룬,300만 룬,300만 룬,300만 룬,300만 룬,300만 룬,300만 룬,300만 룬,300만 룬,300만 룬,300만 룬,300만 룬,300만 룬,300만 룬,300만 룬,300만 룬,300만 룬,300만 룬,300만 룬,300만 룬,300만 룬,300만 룬,300만 룬,300만 룬,300만 룬,300만 룬,300만 룬,300만 룬,300만 룬,300만 룬,300만 룬,300만 룬,300만 룬,300만 룬,300만 룬,300만 룬,300만 룬,300만 룬,300만 룬,300만 룬,300만 룬,300만 룬,300만 룬,300만 룬,300만 룬,300만 룬,300만 룬,300만 룬,300만 룬,300만 룬,300만 룬,300만 룬,300만 룬,300만 룬,300만 룬,300만 룬,300만 룬,300만 룬,300만 룬,300만 룬,300만 룬,300만 룬,300만 룬,300만 룬,300만 룬,300만 룬,300만 룬,300만 룬,300만 룬,300만 룬,300만 룬,300만 룬,300만 룬,300만 룬,300만 룬,300만 룬,300만 룬,300만 룬,300만 룬,300만 룬,300만 룬,300만 룬,300만 룬,300만 룬,300만 룬,300만 룬,300만 룬,300만 룬,300만 룬,300만 룬,300만 룬,300만 룬,300만 룬,300만 룬,300만 룬,300만 룬,300만 룬,300만 룬,300만 룬,300만 룬,300만 룬,300만 룬,300만 룬,300만 룬,300만 룬,300만 룬,300만 룬,300만 룬,300만 룬,300만 룬,300만 룬,300만 룬,300만 룬,300만 룬,300만 룬,300만 룬,300만 룬,",비추천,1720214691,24738
ㅇㅁ ㄷㅈ?,비추천,1720206573,7581
블러드 본부터 하나도 빠짐없이 소울류 게임을 회차 플레이까지 해가면서 플레이 해 왔지만 이렇게까지 회차 플레이 하면서 자괴감을 느낀 dlc가 없었는데 하나가 생겼습니다. 게임을 하면서 이렇게 까지 불쾌한 경험은 처음이였고 dlc 마지막 보스에서 렉 때문에 못 피하는 경험을 한 후에는 진짜 깨라고 만든게 맞나 싶었습니다 절대 엘든링은 해봐도 dlc 까지 하지 말기를,비추천,1720198727,16798
"밸런스 병신같은 게임
프롬뇌 좆박은 쓰레기 게임.",비추천,1720196321,28171
최적화는 ㅄ에 패치노트도 나중에 발표하는 회사가 있다?? 대중적으로 많이 팔았으면 게임 내적으로는 몰라도 외적으로는 바뀔때다.,비추천,1720189824,5899
"이딴 쓰레기는 또 처음해보네

-----------------------------

(약 8시간 플레이 후)

시팔 개 쓰레기 게임이네 이거

------------------

(10시간 째)

결국 삭제의 길을 걷는다 
패배자는 먼저 간다 아디오스",비추천,1720188852,599
"개병신게임 소울류 게임이면 그냥 보스만 불쾌하면 됐지 왜 맵까지 불쾌하게 만듦?
그냥 존나 불쾌함 덩어리네
대체 달리기랑 구르기를 같은 키에 둔거는 누구 대가리에서 나온거임?
키보드 따로 설정할 수 있게 해주던가
니들은 밥먹을 때도 패드로 쳐먹어라 시발",비추천,1720187063,994
"좆같은 오픈월드
개 좆노잼 필드
오픈월드는 프롬이랑 안맞는다",비추천,1720175663,18987
할말은 좀 해야겠다 이회사 오래됬고 게임 싸지도않다 근데 최적화 이따구로 해놓구 유저탓하는회사인데 좋다고 평가하라고? 난 프롬을 존중하니 좀 까야겠다 원래 프롬은 그렇니까 이런 자세로 하니 평생 고쳐지질 않는다 악의적인 카메라무브에 개같은 최적화 낮은 FPS에 울트라도 지원안하는데다가 무지 보수적인회사 그 어떤 유저건 응당 문제점을 제시할수 있지만 원래 그런회사다 우야무야 넘어가자고? 이번기회에 확실하게 유저힘을 보여줘야한다,비추천,1720174313,5207
"보스와의 전투는 일단 재밌다 
뭐 도전으로 인한 쾌감 이런거 솔직히 다른 몬헌이나 인왕같은게임으로도 충분히 대체가능한 그 맛 아는맛이다

하지만 오픈월드가 솔직히 좀 너무 표지사기 느낌이 아닌가싶다 넓은 세상에서의 자유로움? 압도적인 그래픽?  
몹 레벨대는 이미 정해져있으며 메인보스들은 몇마리를 제외하면 대부분 메인스토리 순서를 따라가야된다
심지어 스토리도 뭐 걍 프롬이라서 용서받는 느낌이고 모바일 양산형게임 스토리급으로 깊이도 없다
 
딜의 뽕맛, 액션의 다체로움, 다양한선택지로인해 낭만을 찾는다는건 허울뿐
전투기술도 실용적인 전투기술은 수십가지중에 10~15개도 없다 
중반이후엔 몹이 강력하다보니 딜레이 긴 전회들은 일단 대부분 그냥 창고행이다
그게 아니면 그냥 딸깍 딸깍 쉽게 노잼되는 날먹기술들뿐

이게임이 특히 가장 가장 가장 병신같은건 길찾기였다
왜 이따루고 내놓는건지
이게 싸우는게임인지 미로찾기 퍼즐게임인지 dlc와서는 더더더욱 심각한수준이다  
어려운 길을 힘들게 찾아냈을때 도파민이나 아드레날린, 즐거움? 
걍 숙제 하나 끝냈다는 느낌드는 사람이 대부분일거다 진짜

엘든링이 안나오고 만약 프롬소프트웨어가 아니라 이름없는 무명회사에서 이거랑 완전 똑같은 게임을 냈어도 사람들이 좋아할까...? 글쎄다; 압도적으로 부정적 평가를 받는다는거에 돈걸라면 망설임없이 걸거다",비추천,1720173922,12684
맵 개 ㅈ같이 쳐 만들었네,비추천,1720169427,11731
"결론부터 말하자면, DLC 사는 건 그닥 추천하진않는다.

장점
1. 본편 급으로 분량이 많다
2. 추가되는 무기, 전회, 기도 등이 좋다

단점
1. 쓰레기처럼 난이도를 설정한 보스
맛있게 매우며, 도전하고 성취감을 느끼게 만드는게 지금까지의 프롬겜이었다면
이번 DLC의 특정 보스들은(특히 막보) 정말 난이도를 쓰레기처럼 어렵게 만들었다.
나만 때릴거고, 무작정 화려한 기술을 넣어서 눈 아프게 만들고, 굴러도 피해지지 않는 패턴이 있다.
괜히 DLC에서 사기빌드들을 사람들이 많이 찾는게 아니다.

2. 쓰레기같이 만든 맵 설계
분량은 방대하지만 맵, 스토리 진행을 정말 오픈월드를 즐기는 것처럼 마음가는 대로 갔다가는
갑자기 급상승한 난이도에 머리가 깨지기 쉬우며, 맵 동선을 이리저리 꼬아놓아서 여기를 어떻게 가는지 따로 찾아보지 않고서는 알기가 정말 어렵다.
추가로 가호라는 특별한 시스템이 DLC에 도입되었는데 70~80시간을 맵을 핥으며 돌아다니고, 인터넷으로 축복 지도, 보스 지도까지 보면서 다 돌아다녔음에도 20강 까지 있는 가호를 15강까지 밖에 찍지 못하였다.

본편의 황금 종자와 비교한다면, 맵 설계를 한 사람을 해고하는게 프롬을 위해서도 좋다고 생각함",비추천,1720143414,14092
"갓겜갓겜 칭찬만있어서 단점을 적음

최적화 개판
키보드 개판",비추천,1720136809,15748
아니 시fire 트리가드 ame 없나요? zonna 쎄잖아요.,비추천,1720114149,1261
"장점도 많은데 단점도 많은 게임.

장점:
압도적인 분위기, 오픈월드, 다양한 무기와 기술, 불편한 시스템의 개선, 더 나아진 이펙트와 그래픽.

단점:
운적 요소가 들어간 조작, 제멋대로 돌아가는 록온

구르기 회피나 공격 동작, 피격 시에 키씹힘과 선입력이 2초 가량까지 느껴질 정도로 되게 길게 있어서 조작에 운적인 요소가 들어간다. 이걸 커버하려면 동작마다 있는 키씹힘 선입력 타이밍을 외워야 할지도..
반응은 빨라야해서 전작보다 보고 피하긴 더 힘들어졌고 사실상 패턴을 암기해야한다.
기술이나 무기들은 다양한데 조작감 때문에 사실상 강요하는 플레이가 있다고 느껴진다.
이런 단점들을 목숨 순환율을 높여서 커버하려는것 같다.

전작은 이러한 단점이 있음에도 재미있었는데 이번작은 불편한 시스템을 개선했는데도 불쾌감이 더 크게 느껴진다.",비추천,1720102480,21260
일단은 부정동작 버그가 말도안돼게 심각하고 그것보다 더심각한건 특정 지역에서 계속해서 게임이 튕기는 현상이 발생해서 더이상 게임을 할수 없게됨,비추천,1720090117,5032
00,비추천,1720090079,8118
"아무것도 안했는데 부정 행위 했다면서 퇴출시키는 개병신겜 ㅇㅇ
미야자키 ㅐ미 참수마렵노 ㄹㅇ",비추천,1720087905,30442
"이 앞 배설물있다, 즉 배설물",비추천,1720049463,13875
"이딴게 2년 걸릴 내용인가 싶은정도 
좋다좋다해주니까 걍 처박음
이래도 다음시리즈 사줄텐데ㅎㅎ 이런 생각으로 발매했나 개새끼들이",비추천,1720036210,15270
아니 치트도 뭣도 아무것도 안썼고 투기장에선 계속 패배까지 했는데 부정동작이 감지되었다고 온라인까지 막는다고? 실화나 프롬아. 용상베기만 눌렀는데 이게 말이 됨?,비추천,1719993599,40422
비추,비추천,1719935756,7761
본편은 재밌음 DLC도 재밌음 하지만 DLC 막보스는 그냥 개초딩 보스임,비추천,1719905064,11418
ㅗ,비추천,1719874950,6715
"DLC는 안해보고 본편에 관한 평가입니다.

뭔가 전작들과 다르게 오픈월드로 만들다보니 bgm이나 보스 돌려쓰기 많고 bgm과 보스가 조화가 없으며 의미없이 보스들이 많음.
다크소울3의 엄청난 강점이 바로 리듬게임처럼 bgm에 맞춘 보스의 패턴과 음악의 조화였는데 이번 시리즈에서는 그게 없어서 너무 아쉬움
당장 엘든링 음악 기억나는게 뭐가 있냐하면 없을 정도임
그외의 장점 단점도 있지만 bgm 빠돌이로서 평가를 남김",비추천,1719858838,5475
"오픈월드 게임이라는 것을 확실히 인지하고 사길 바람

보스랑 싸우면서 받는 스트레스보다 길 찾는 스트레스가 더 극심함",비추천,1719834613,2336
라단 이거 어케좀 해봐라 개초딩 패턴 억까 뚫고 4시간 30분 걸려서 깼는데 말레니아는 맛있게 맵기라도 하지 이 페도새낀 다신 상대 하고싶진 않다. 거의 패링을 강제하는 수준의 패턴들밖에 없음. 다른 보스 잘만들어 놓고 막보를 개븅신으로 쳐만들어놨네,비추천,1719775380,7307
프롬이 프롬했다,비추천,1719762390,2938
"미야자키와 개발진 여러분 

꼭 게임처럼 고통스럽게 뒤지시길 바랍니다.  뻐x 애스x ㄳㄲ들아

개씨발 확팩 내라니까 꼴2를 쳐 내고 앉았네

제발 고통스럽게 뒤지세요.",비추천,1719760725,29833
소각로 모친출타,비추천,1719755249,15400
진짜 게임 시작전에 공략 영상 같은거 안보면 뭐 해야 할지도 모르고 진짜 복잡함ㅇㅇ,비추천,1719752590,51
"약속의 왕 라단 바꿔라. 저딴걸 패턴이라고 만드냐 연속공격에 후속타가 계속 나오는데,이건 진짜 잘못 만든 애다. 다른 애들까진 파밍하고 도전하면 다 할만하다 치는데 심지어 다른 애들은 그나마 피하기라도 되는데 라단은 피하지도 못하게 후속타 난사는 다시 생각해봐라.",비추천,1719742566,43930
쓰레기겜,비추천,1719738282,3396
ㅗㅗㅗㅗ,비추천,1719712285,10420
그냥 깨기 힘든 노가다 RPG임 비추함,비추천,1719698153,992
"어거지로 늘려놓은 맵에 말도 못타는 불쾌한 기믹만 있는 맵, 강인도 떡칠한 잡몹, 그리고 마지막으로 뭔 생각으로 만든지 모르겠는 막보 ㅅㅂ 

닼소2 보스가 더 잘만들었겠다 미야자키 씹새야 ㅅㅂ",비추천,1719661700,9429
"게임 ㅈ같아서 못하겟네
",비추천,1719656135,15659
"재밌지만, 아주 재밌지는 않음,
기본적으로 게임을 하면서 가장 중요한 감정인 
신나는 감정을 느끼게 해주는 게임은 아님.
그래서 누군가에게 추천할 게임이 아닌것도 사실임.
소울류의 한계랄까.. 

그래도 아케이드 오락실 시절, 백원짜리 동전 넣어가며 게임을 하던 분들..
당시 벨트스크롤 액션게임이 현대에서는 어떤 모습일까 궁금하신분들은 
이 게임으로 그 궁금증을 해결하실수 있음. 

정확히 당시 오락실 게임의 요소를 가지고 있는 게임임.",비추천,1719650810,27852
"이딴 쓰레기가 갓겜?
락온이라면서 락도 안되고 타겟 지멋대로 옮겨가는게 락온?
매번 보스전 1:1만 할거도 아니고 이딴식이냐
그리고 다른 발적화겜도 500시간 넘게하면서 두어번 뻗었는데 이건 5시간 하고 바로 다운되냐?
이건 불편한게 아니라 그냥 수준이 낮은 쓰레기지",비추천,1719646999,36366
울트라와이드도 지원안해 hdr도 됬다 안됬다 걍 환불때림 재미는 모르겠고 롹온이 버그인가 눌러서 직접 안하면 허공에 칼질하고 난리도 아님,비추천,1719614531,162
"트리가드 씨발새끼야
트리가드 씨발새끼야
트리가드 씨발새끼야
트리가드 씨발새끼야
트리가드 씨발새끼야
트리가드 씨발새끼야
트리가드 씨발새끼야
트리가드 씨발새끼야
트리가드 씨발새끼야
트리가드 씨발새끼야
트리가드 씨발새끼야
트리가드 씨발새끼야
트리가드 씨발새끼야
트리가드 씨발새끼야
트리가드 씨발새끼야
트리가드 씨발새끼야
트리가드 씨발새끼야
트리가드 씨발새끼야
트리가드 씨발새끼야
트리가드 씨발새끼야
트리가드 씨발새끼야
트리가드 씨발새끼야
트리가드 씨발새끼야
트리가드 씨발새끼야
트리가드 씨발새끼야
트리가드 씨발새끼야
트리가드 씨발새끼야
트리가드 씨발새끼야
트리가드 씨발새끼야
트리가드 씨발새끼야
트리가드 씨발새끼야
트리가드 씨발새끼야",비추천,1719601172,2153
"재미있는 탐험의 본편
피로도만 높고 이야기와 탐험의 깊이는 제로인 DLC

DLC의 경험이 엘든링을 비추하게함",비추천,1719561435,2048
본편은 갓겜 DLC는 똥겜. 난이도는 문제가 아니라 맵의 밀도가 문제. 맵은 큰데 텅 비었음.특히 나락 돌고 현타 옴.,비추천,1719550471,22208
"DLC에 평가하려는데 안보여서 본편에 남깁니다.
그냥 프롬은 유저들 열폭하고 스트레스 받는거 즐기는 변태인가 봅니다.
앞서 많은 분들의 긍적과 부정평가를 보았는데 
본편은 잘만들었습니다 로그나이크 게임들을 하면 엔딩스토리 한번보면 그게임 안하는 내가 3회차까지 달릴정도 였고
맵또한 넓지만 넓은 만큼 꽉차있고 몹도 보스도 난이도도 무난 힘들면 영체써서 난이도 조절가능 하면서 공략이 충분히가능했으며
2~3회차는 레벨작하고 무기 원하는 전회로 버프까지 풀도핑하면 딜찍하는 재미도 볼수있었습니다.. 하지만
DLC는 시작할떄 풍경 만든거보고 감탄했지만 점점 갈수록 맵은 뭔가 넓은데 아이탬은 단석 꽃... 거의 풍경 구경만 시키는 느낌이라 질리고 아이템을 숨겨둔거 찾는냐 맵핥는데 못찾으면 메시지로 아이템을 선 플레이한 유저가 남겨줘서 찾는경우가 많았습니다 낚는 유저도 있었지만.... 거의 메시지로 힌트를 많이 얻었어지만 아이템 위치에 가서 메시지를 보면 '좋은거같지? 배설물' 이렇게 남기는 메세지들이 태반이였습니다... 실제로 보라색 황금색 떠있어서 오 뭘까뭘까 하면 단석이나 은방울 꽃....
보스들은 나만 떄릴거야 이러고 있고 타이밍보고 영체를 소환을해도 유저랑같이 샌드백이 되어 처맞고있고...패턴이 떄릴수 있는 패턴이 나올떄까지 강제 인내타임걸고 거의 모든 보스가 이러하니 플레이타임 늘릴려는 꼼수인가 싶기도 하고  맵만 넓지 아이템은 영양가 없고 오늘 라단 트라이 하는데 꺤사람들은 대단하지만 이걸 어떻게 공략하라고 내놓았는지 아직도 모르겠고.. 보스한테 무기에 기본적으로 속성이나 장판을 속성으로 깔아둘꺼면 빈공간이 있어야 하는데 있지도 않고... 에스트라도 조금 강화 시켜주지 살주고 뼈취하는것도 아니고 내 뼈만 나가는데 보스는  살이 안잘려..
  
",비추천,1719505821,22134
"본편까진 정말 갓겜이라고 할만함. 근데 dlc에서 너무 뇌절한듯?
잘한다 잘한다 하니까 어려운거랑 불합리(불쾌한)거랑 구분을 잘못한 느낌임.
그래도 재밌게 했는데 회차는 안할듯... 너무 스트레스 받아ㅜㅜ
가장 최악은 지도 가시성이 내가 경험해본 모든 게임 중에 최악임 ㅋㅋ 지도 찾다가 접을뻔...",비추천,1719496080,3610
TRASH,비추천,1719484650,11771
참다참다 쓰는데 카메라워킹좀 고쳐라 이 병신새끼들아,비추천,1719468916,5942
깜짝깜짝 놀라서 심장에 해로움,비추천,1719468469,417
"닼소3 으로 프롬 입덕해서 맛보았만 엘든링만큼 게임성 ㅈ박은 거없는 거같아서 걍 남김
[긍적적]
화려한 배경과 이펙트 웅장한 음악과 나쁘지않은 세계관
[부정적]
보스는 칼 휘두를까 말까 쇼에 뭐만하면 연타로 쉴틈없는 보스전 초반은 그냥 대놓고 ""너 고통받아""
보스가 칼부림치는 데 난 무기라고 봐야할지 모를것들을 찔러서 죽여야함(마법싸게들 제외)
다굴은 더 심해지고 보스데미지가 올라간거에 비해서 플레이어캐릭은 더 바보가 됬음
[한줄평]
고통을 느끼는 분들은 재밌게하세요 전 ㅈ같아서 못하겠네요.",비추천,1719464555,3026
hey fucking FROM SOFTWARE fuking Radahn fuck you,비추천,1719409787,6810
시발시발시발시발시발시발시발시발시발시발시발시발시발시발시발시발시발시발시발시발시발시발시발시발시발시발시발시발시발시발시발시발시발시발시발시발시발시발시발시발시발시발시발시발시발시발시발시발시발시발시발시발시발시발시발시발시발시발시발시발시발시발시발시발시발시발시발시발시발시발시발시발시발시발시발시발시발시발시발시발시발시발시발시발시발시발시발시발시발시발시발시발시발시발시발시발시발시발시발시발시발시발시발시발시발시발시발시발시발시발시발시발시발시발시발시발시발시발시발시발시발시발시발시발시발시발시발시발시발시발시발시발시발시발시발시발시발시발시발시발시발시발시발시발시발시발시발시발시발시발시발시발시발시발시발시발시발시발시발시발시발시발시발시발시발시발시발시발시발시발시발시발시발시발시발시발시발시발시발시발시발시발시발시발시발시발시발시발시발시발시발시발시발시발시발시발시발시발시발시발시발시발시발시발시발시발시발시발시발시발시발시발시발시발시발시발시발시발시발시발시발시발시발시발시발시발시발시발시발시발,비추천,1719406829,15787
나는 재밌게 했지만 내 친구들에겐 추천 못하겠다,비추천,1719403436,43512
DLC 라단 만듣 새끼 쳐죽이고 시 ㅍ네,비추천,1719403397,20396
스토리텔링 좆망겜,비추천,1719399088,1528
" 본편은 소울류 뉴비에게 강추, DLC 는 자신이 이제 나 정도면 소울류 고수지! 라는 사람들에게 겸손함을 부여해주니 참고하십쇼",비추천,1719399044,19819
"DLC가 너무 실망스러워서 비추천 합니다

본편은 정말 재밌어요...",비추천,1719392289,11547
좆같은 dlc,비추천,1719380110,5942
"이 개새끼들 맵을 만들어놓고 가지마라고 하는 수준의 맵을 만들어 놨다.

여기저기 탐험 하는거 좋아하는 사람이면 엘든링 본편은 강추 하지만 엘든링 dlc는 절대 사지마라.

자기가 길을 잘 찾는편이라면 그럭저럭 추천은 가능하다.

근데 자기가 길을 잘 못찾는 편이거나 그냥 평범하다??
dlc 하려면 길찾느라 스트레스 받을 생각 하고 해라.

'경고' 한다..

난... ㅅㅂ 맵 지랄 같아서 못해먹겠다 ㅅㅂ..

막보 안잡았긴 한데 맵 때문에 짜증나서 게임을 키고 싶지가 않다 그냥..",비추천,1719369406,27821
"역시 남 고통 즐기면서  지 잘난  게임.

",비추천,1719364910,16646
어려워서 1년전인가? 트레이너좀 했는데  180 일  정지 표시가 아직까지 계속뜨네요  온라인에서 자신도 없구   딴사람 하구 싸운적두 없구만  죄진사람 모양  접속할때마다 부정 행위 했다고  뜨니  존심 상하네  없애 주시길    트레이너 도움을 못받잔아요,비추천,1719363474,158606
그냥 모든 보스가 내턴내턴내턴내턴 이럴거면 전회는 외준거임 전회 쓸 타이밍도 안줌,비추천,1719331080,17532
이젠 개초딩 보스밖에 만들지 못하는 프롬에 조의를,비추천,1719330731,18004
엘든링은 스꼴라 2다,비추천,1719324638,11077
애미애비 다 쳐 뒤진 황금 하마 좀 어떻게 해봐 미친 새끼들아,비추천,1719323999,8337
"안해 시발 병신겜
왜 시발 구르고난 자리에 공격이 왔는데 그게 처맞는데 병신겜",비추천,1719318931,5709
"오리지널은 100점 만점에 100점인데, 
DLC는 뭐랄까... 플탐 늘리기 위한 단순한 설정? 요게 제일 문제인거 같음
만들어진 컨텐츠에 비해 볼륨이 딸리니까, 필드몹이나 쫄들한테 단순히 피통올리고 뎀지 올리는 방식으로
유저들이 순순히 못진행하도록 한 불합리한 설정이 눈에 보여서 참 안타까움
오리지널을 너무 좋아하고 400시간 플레이한 사람으로써,
이걸 좋아요 누르는 사람한테 묻고 싶은데,
오리지널에서 느꼈던 감동과 탐험, 몇번이고 다시 부딪혀도 방법을 찾고, 성취감을 얻었을텐데
디엘씨도 느끼셨는지?
난 아니라고 생각함, 그냥 스트레스와 욕밖에 안나오는 상황이라 ㅎㅎ",비추천,1719313290,35761
존나튕김 병신,비추천,1719307947,967
재밌게 즐기고 있다가 갑자기 부정동작이 검출됬다고 계속 뜬다.... 왜 그런지 모르겠는데 좀 고쳐줬으면 이거 때문에 멀티도 계속 끊기고 짜증남ㅎㅎ 부정행동 하나도 안했는데 데체 왜 뜨는거냐고!,비추천,1719300312,7736
제작자 납치하고싶다,비추천,1719254988,2901
dlc,비추천,1719249386,13822
"DLC 난이도에 대한 감상은 '이야 이거 어렵다' 가 아니라 '장난하냐?' 라는 감상이 나온 시점에서 끝났다

+ 더 해본 결과 전작들로부터 배운게 하나도 없는 상상 이상의 처참한 결과물이라는 것을 확인했다

+ 이따위로 만들거면 그냥 게임 만들지 마라",비추천,1719245857,13031
horrible stuttering,비추천,1719244136,7229
"아무리 대중성 챙겼다해도 소울이 안맞는 사람은 그냥 안맞는게 맞다.

보통 안맞는다고 하면 보스전 때문이라고 생각들 하는데, 

그것보단

우중충한 세계에서 이리저리 숨겨놓고 꼬아놓은 길을 찾는 과정이 

모험심을 자극하기 보단 답답 짜증나고,

사망 시 드롭한 재화를 다시 찾으러 가야 하는 귀찮음과

반복해서 생성되는 잡몹들이 그 길을 반복해서 방해하는 것이 

플탐을 늦춰보겠다는 수작으로 보이는 사람에겐 안맞는 장르다.



돌이켜보면 맨 처음 마주친 트리가드 잡아보겠다고 2시간 동안 똥꼬쇼 했을 때가

가장 재밌었다.",비추천,1719240968,3488
개쓰레기 게임,비추천,1719236991,17392
"모든 것을 이해할 수 있었다. 
불합리한 난이도? 패턴숙지 및 영체 등 온몸비틀기 하면 깰 수 있었다.
불친절한 길찾기? 탐험과 모험이라는 두 단어 아래에 즐겼다.
고착화된 메타? 내 꼴리는거 하면 그만이고 난 은근 힙스터다.

근데 내 172시간의 본캐 데이터가 사라지는 것은 도저히 이해가 안된다.
다른것도 아니고 내 모든것이 지워졌는데 이걸 인정하겠냐?

DLC 내돈으로 사서 플레이하고 있는데 데이터 다 소실된 기분을 니들은 모를거야.
알면 고쳤겠지

이렇게 내 최애 게임 하나가 가는구나

잘먹고 잘살아라",비추천,1719236600,21858
진짜 장난치나 난이도 욕마렵네,비추천,1719213530,7625
"DLC 라단 진짜 뭐 잡을수 있게 해야지 진짜 의지를 꺾이게 만드네 200번 넘게 죽네,..",비추천,1719204692,18168
맛있게 매운게 아니고 그냥 캡사이신 겁나 뿌린 맛없이 매움,비추천,1719199247,23589
"본편은 본연의 소울과 적절한 밸런스 그리고 여행의 느낌이라면

이번 DLC는 로드오브폴른 딱 그정도에 프롬식 스콜라냄새만 섞은 거기다가 맵도 불쾌하게 빙빙 돌리고 ㅇㅇ

많은 패치가 필요하다고 봄 ㅇㅇ 8회차 유기하고 새로달렸지만 소울류 자신없으면 패치되고 하길 

지금은 진짜 신비 출혈이나 상태이상 빌드 아니면 개노답 극한 소울 장인 아니면 ㅇㅇ 진짜 다깻지만

불쾌함",비추천,1719186385,8795
이거겜아님,비추천,1719165309,7544
"DLC는 역대급 망작이자 희대의 똥작. 그냥 유저들 엿돼봐라 너네 돈주고 스트레스 사먹어라 하는꼴. 맵은 좁아터졌는데 풍족하게 하려다보니 유비식 오픈월드마냥 퍼즐요소 많고 잡몹들 세기랑 강인도는 말도안되는 수준이라 길 뚫는데도 스트레스를 엄청받으며, 특히 마지막 보스인 라단은 여타 어느 게임들과 비교해도 희대의 씹사기급 공격성을 가지고있음. 내가 1대 치려면 상대 공격 10번을 피하고 톡 쳐야함. 그마저도 톡 치면 바로 뒤돌아서 반격하기때문에 딜 넣기 극악의 구조를 지니고 있음.",비추천,1719159487,10179
1대치고 구르고 구르고 구르고 구르고 구르고 1대치고 구르고 구르고 구르고,비추천,1719149469,324
애미 뒤진 게임,비추천,1719148190,8848
최종보스 패턴을 이딴식으로 만들어놓으면 사람들이 재미있을거라고 생각했나...?,비추천,1719145816,18404
rhythm game,비추천,1719142025,54598
개 쓰레기 게임 dlc 난이도를 이따위로 만듬? 이게 대체 누굴 위한 난이도임? 욕개많이 먹어라 개쓰레기 개발자들,비추천,1719140510,5264
기대한 것과 너무 다르다. 다양한 무기 써보고 즐기고 싶었는데 어려우니 뭐 아무것도 못하겠다.,비추천,1719139815,10878
제작진 애미 뒤짐? 패턴 좆같이도 만들었네,비추천,1719139702,11220
디엘씨 맵 그지같다 ㄹㅇ로다가,비추천,1719136794,9289
아,비추천,1719135903,14992
난이도 조절도 못하냐,비추천,1719134913,28758
21:9 모니터 미지원,비추천,1719134263,11010
가볍게 즐길 것이면 그냥 본편만 즐기는 걸 추천. DLC는 보스들이 억까 패턴만 둘둘 넣어놔서 불쾌하게 해놓은 캡사이신 음식 같음.,비추천,1719133372,30844
재미보다 고통과 스트레스임,비추천,1719131415,9354
불쾌한 게임,비추천,1719127772,7240
엘든링 유저로써 이번 DLC는 기대를 했는데 실망과 절망이 오고가는 최악의 DLC다. 어렵게 만들면 다 좋아하는줄아니? ㅆㅂ 밸런스를 뭔 이런 망밸런스를 만들어서 이무슨 개 ㅈ같은 난이도로 했냐? 고인물 석유물도 이건 아니라 본다. 진심초심을 잃었거나 아님 유저들 기만하거나 그런건데 이따위로 밸런스 설정할거면 애초에 DLC 자체를 만들지마 개새끼 프롬들아.,비추천,1719126334,21050
미야자키 ***아 적당히 해라,비추천,1719122876,15309
DLC 최종 보스 이게 최선이였나..?,비추천,1719120200,5598
"이 개새끼들아 돌았냐 아무리 그래도 2회차에서 3대 쳐맞고 죽는게 맞는거냐?
시발 미친새끼들이 닏늘이 원래 만든 게임이 아무리 어려우니까 사람들이 좋아한다고 하지만
무식하게 데미지 올리면 어려운 거ㅇ니 사람들이 좋아할 거라고 생각했냐
미야자키인지 뭔지 개새끼가 초심을 잃어도 정도껏 일어야지",비추천,1719118912,12466
본편 재밌게 했는데 DLC오니깐 지들이 만들어 놓고 영체 쓰지마 영약 마시지마 이따구로 보스 쳐만들어놓으면 뭐 어쩌라는거임,비추천,1719118671,5507
시발 들크 애들 데미지 너무하잖아,비추천,1719118205,7625
"엘든링으로 소울류 접해본 입장에서 이번 dlc는

소울류 마니아만 하세요급 난이도

보스들이 체력도 많고, 딜도 좋은데, 스테미너까지 좋아서 쉬지 않고 존나 떄림

거기다 한방에 반피 이상씩 날라가서 딜탐 잡힐떄 물약 먹으면 답이 없음...

총체적 난국임",비추천,1719108411,10483
"ㅆㅂ 이게 선녀였을줄이야 
물론 이것도 패피 여러번해서 만들어진것이겠지만 
초반에도 욕 그렇게 처먹어도 이만한 게임 없다했는데
DLC ㅆㅂ 어쩔거야",비추천,1719103145,47058
dlc 지나칩니다,비추천,1719083288,7370
"DLC는 재미가 아니라 악의만 느껴져서 게임하면서 스트레스만 받게됨

엘든링만 사는것을 추천함",비추천,1719082385,14329
데미지 좆같이 쎄니까 불쾌함,비추천,1719080355,15806
ㅅㅂ 메스메르 한대만 치면 죽고 풀피였는데 게임 튕김 병신같은 겜,비추천,1719077846,17452
"Fucking RUBBISH DLC!!!
same MAP design from main game which makes me feel bored
Fucking disgusting difficulty.",비추천,1719075827,18146
병신게임,비추천,1719075100,22614
시발,비추천,1719074930,8807
DLC는 사지 마세요,비추천,1719072209,13691
"느낀 점은, 이 새끼들은 그냥 칼든 FIFA임
시리즈물마냥 나오는 게임이 다 똑같은데, 오히려 정도가 더 심함

만나는 상대방은 다 거리의 시인인지, 죽을 때마다 존나 오글거리는 대사 쳐 뱉음
근데 알맹이가 없는 다 좆빠는 소리들이라서, 사연이 뭔지도 모르겠고 내가 얘들을 왜 죽여야되는지도 모르겠음
심지어 게임이 추구하는게 매운맛이라서 더 허탈함

-제일 꼴받는 점-
스토리가 없는데, 있어보이고는 싶어서 게임에 온갖 문어체 때려박은 그 느낌이 존나 좆같음",비추천,1719067587,1368
"진짜 재밌게 했고 이게 프롬이구나 감탄했다가 DLC에 욕 쏟고 갑니다. 최소한 게임을 만들때 길은 좀 정상적으로 만들어라 좀!!!!!
무슨 길 찾기 게임인 줄 알았다 진짜ㅋㅋㅋㅋㅋ",비추천,1719067488,10491
e,비추천,1719066382,11336
메르메스 ㅇㅋ 노장 ㅇㅋ 근데 라단 2페? 고아가만든거같음 ㅇㅇ,비추천,1719062497,9856
"초등학생 수준의 정신 연령을 가진 사람이 디자인 한 것 같은 저질스러운 패턴.
유저의 재미는 뒷전이고 어려움과 불쾌함에 광적으로 집착한 결과물.
흔히 '소울라이크'라고 불리는, 프롬소프트웨어가 아닌 다른 게임 개발사에서 만든 게임들이 흔히 범하는 실수를 프롬소프트웨어가 저질러버림.",비추천,1719062419,37379
 DLC 사지마세요 이 씨발 새끼들 잡몹한테도 원콤나게 만들어놓고 의기양양하게 인터뷰 했었음 ㅋㅋㅋ 병신들이 오냐오냐해주니까 뇌절 치고 지랄병,비추천,1719060602,9046
"본편은 재밌다
DLC도? 재밌긴한데 ㅆ발 거지같은 난이도 조절실패와 프롬식 뇌절에 똥을 선물받은 기분이다",비추천,1719048701,6076
dlc 개병신같음,비추천,1719048547,27940
황금 하마 진짜 좆같이 만들었네,비추천,1719047734,9208
"DLC 아트적으로 아름다움, 몬스터 컨셉 훌륭함, 신규 무기 재미있음
그러나 플레이 경험이 개좆박았는데, 아래 두가지가 최악임

1. 모그 처치 후 입장 가능한 최후반부 필드임에도 아리안델급 개창렬 필드 보상
(저단계의 강화재료, 본편 후반부 필드몹의 반도 안되는 룬 드랍량)

2. 보스 패턴이 말도안되게 빡빡해짐 (영체를 쓰더라도)
 - 엄청나게 빡빡한 타이밍 + 정확한 방향으로 구르지 않으면 반드시 롤캐치를 당하는 패턴 비중이 엄청나게 높음
 - 평타처럼 사용하는 기본 패턴들에도 광역 폭발 혹은 후속 장판을 남겨 계속 압박함
     -> 본편에 비해 재정비 타이밍이 굉장히 줄어들었고, 딜타임도 빡빡해짐
",비추천,1719047404,6964
"캐릭터는 데몬즈소울 / 몬스터는 이세계 애니메이션 캐릭터 ㅋㅋ

똥겜 수준",비추천,1719047225,35393
.,비추천,1719046710,9778
"게임이 ㅈ같으면 재밌을거라고 착각하는 dlc ,보스는 그냥 피돼지에 뎀지만 뻥튀기시킴. 심지어 최적화까지 ㅈ박았는데 이걸 왜해야함?",비추천,1719043789,8354
DLC 맛있게 맵은게 아니라 그냥 맵기만 올려놨어..,비추천,1719041616,18321
"어려운 게임인건 알고 있지만, 너무 초반부터 어렵네요",비추천,1719037230,11125
this is not game. it just exists to make people angry.,비추천,1719036403,41025
"본편 난이도가 50이면 DLC 난이도는 150쯤 되는듯
너무 어려워서 불쾌하다",비추천,1719034355,8420
DLC 씨발 애미뒤졌음 메스메르 걍 개좆병신같이만듦 병신시빨,비추천,1719028969,4631
"난이도 좀 적당히 해라. 레벨400짜리 체력 2000에 지문석, 라단 풀셋 입어도 던전 보스 한방에 죽는게 말이되냐...
",비추천,1719028242,22327
SW,비추천,1719024677,26
dlc가 별로임,비추천,1719017298,10320
게임하는 시간이 아깝습니다,비추천,1719004914,10531
너무 어렵고... 멀미나고... 아무것도 모르겠고... 60FPS 제한 개같고...,비추천,1718994127,30
"명작이고 지랄이고 안맞는 사람한텐 개 ㅈ같은게임이다
무조건 누구에게나 명작은 절대 아니다.",비추천,1718990007,5825
똥두창듀오가 극혐,비추천,1718985132,37646
npc가 안나와 야발,비추천,1718963751,11592
Do not enter DLC,비추천,1718959370,5978
"더운 다 되었는데 안돼 ㅅㅂ
환불이다",비추천,1718919434,41844
"이런 개 거지 같은 게임
친구 모그윈 왕조까지 같이 길 뚫어주고 
모그 잡을 수 있게 모그윈 왕조 절벽길 룬노가다 서너번 하니까 부정동작이라면서 벤먹었다.
sI벌 살면서 트레이너 같은것도 쓴적도 없는데
룬노가다 수십번 한것도 아니고 서너번 했다고 벤먹이는 ㅈ같은 운영게임",비추천,1718916774,6050
암령침입은 왜 만들어 놓은거임?,비추천,1718893861,5951
"듀얼모니터의 경우
경계없는 창모드하면, 플레이하다가 마우스커서가 삐져나갑니다.",비추천,1718668305,6722
"게임 자체의 재미? 당연히 있다.
근데 온갖 버그가 발매 2년이 넘은 시점에도 난무함.. 보스랑 싸우는 중에 멈춰서 완전 처음부터 한 적도 있을 정도.. 발매 초기면 이해가도 2년 지난 시점에도 안 고친건 욕먹어도 쌈",비추천,1718608462,12003
"DLC 난이도 책정 개같이 해놨음
특히 잡몹들 난이도가 그냥 개같음
최소 200렙 찍고 DLC 진입하는거 권장함
150때 들어가서 피똥싸는중",비추천,1718470652,10909
"최적화 정말 앵간하다. 사양이 부족함 없음에도 프레임 드랍 및 스터터링 심함
그래픽 옵션을 최하로 낮춰도 프레임 드랍 및 스터터링 문제는 여전함",비추천,1718307663,170
.,비추천,1717945341,467
worst multiplayer game ever. hackers and cheaters all around. they ban innocent ones. this game is horrible. NEVER FACE INVADERS. JUST QUIT YOUR GAME. There is no way to report tampering users on PC. DAMN THEIR SOULS,비추천,1717909378,13680
"오프라인으로 하려는 사람은 굳이 구매 할 필요가 없다고 생각합니다

복돌에서 정돌로 넘어왔는데 안티치트 떄문인진 몰라도 복돌 에디션보다 훨씬 스터터링 현상이 많았습니다

그래도 나름 복돌할땐 오래한 게임이고 DLC도 나온다고 해서 큰맘먹고 구매는 했지만... 익숙치 않네요

",비추천,1717639860,57291
내가 이걸 얼굴 시뻘개지고 머리 터질 것 같이 빡치고 마우스 키보드 패드 다 집어던지고 소리 꽥꽥 지르면서 미친놈 널뛰는 것마냥 왜 붙잡고 있어야 하는 건가 싶음.,비추천,1717084237,4965
끝없이 죽으라고 만든겜인건지.. 아 빡쳐.. 사지마 사지마..,비추천,1717022889,1931
"나의 기대가 컷던 건지 모르겠지만 상당히 재미가 없었음.
특히 보스전을 중요하게 생각하는 사람인데 대부분의 보스전이 돌려막기인 것에서 상당히 실망함
보스였던 애들이 얼마안가서 필드 잡못으로 나오는데 보스의 대부분 패턴이 엇박이라 만나면 ""아 예전에 걔네""
라는 느낌보다는 ""아...또 얘야 시발""이라는 느낌을 받으며 피로도가 상당해서 얼마안가 게임을 끄게됨
그걸로 모자라 2마리씩 짝지어서 보스로 나오는데 나만 그런건지 모르겠지만 호전성에 문제가 있다고 생각했음.
수집요소를 모으고 필드를 탐험하는 사람이나 스케일이 큰 소울라이크를 좋아하는 사람들은 좋아할만 하지만
나처럼 소소하게 즐기는 사람들은 재미를 느낄 수가 없는 구조인거 같음.
게임에 재미가 붙어갈 때 쯤에 ""이건 프롬 소프트웨어 게임이란다.""라면서 싹을 밟아버리는걸.

내가 엔딩은 보고 평가를 쓰려고 했지만 엔딩을 못볼거 같아서 미리 씀.

반박시 당신들 말이 맞음",비추천,1716804164,1974
"남들이 다 재밋다고해서 다 재밋는건아니더라

엥? 님이 존나 못해서 그런개아니라요? 
그런걸로치자...",비추천,1716306485,8164
"'
",비추천,1716217201,13452
"다크소울 3의 오픈월드 버전

하지만 다크소울 3에 비해 호불호가 심하게 갈린다
보스들 패턴은 대부분 불합리해지고 약간 몬헌스러워져서 딜타임을 거의 주지 않으려고 유저에게 턴을 주지않고 끊임없이 발작을 함

그래서 유저들이 찾은 파훼법은 버프 3~4개 두르고 영체 불러서 두들겨패기인데, 이런 플레이는 다크소울3나 세키로처럼 보스에게 정정당당하게 도전해서 이긴다기 보다는 ""니가 더럽고 치사하게 싸우니까 나도 더럽고 치사하게 싸운다""는 느낌이 강해서 나는 불호임

하지만 장점도 있는데, 캐릭터 빌드의 자유도가 매우 높아져서 다크소울 3보다 더 다양한 빌드를 실전 투입하는것이 가능해졌다
다크소울 3에서 활은 장식이었으나, 엘든링에서는 활 빌드도 가능하다는 것이 대표적
무기도 매우 다양하고 독특한 무기도 많으며, 필드는 다채롭고 넓어졌다
보스의 숫자는 많아졌고, 프롬 특유의 아무것도 알려주지 않는 퀘스트 방식은 여전하지만 엔딩 또한 다양해졌다

하지만 게임 플레이 내내 불합리한 패턴으로 불쾌함만 느꼈고, 마치 몬헌 아이스본, 라이즈를 하는 것마냥 짜증만 났다
사실 빌드를 완성하는 것도 이 지역 저 지역 꾸역꾸역 어거지로 다니면서 드래곤볼 모으는 느낌이고, 공략 없이는 플레이가 불가능에 가까운데다, 보스를 잡아도 기존 작의 성취감도 없고, 그래서 중도하차함
공략은 막힐때만 잠깐 봐야지, 공략을 상시로 보고 할거면 뭐하러 게임을 하냐

다크소울 3, 블러드본, 세키로는 재밌었는데 엘든링은 심하게 불호라서 비추함",비추천,1715781799,3054
ㅗ,비추천,1715541042,547
코옵된다고 홍보하더니 뭘된다고 떠드는거노 ^오^,비추천,1715271399,317
쓰레기.,비추천,1714745558,12581
똥겜임 차라리 스꼴라하셈,비추천,1714648271,72013
정말 게임에 이렇게까지 거품이 낄수있나 싶다 그냥 개노잼 망겜임 다크소울도 마찬가지 사지마세요,비추천,1713856805,770
부들부들,비추천,1713592842,2627
"락온,선입력 개시발 좇 그자체

그외에는 좋게 평가함",비추천,1713180604,14533
구르기 원툴 ㅄ겜,비추천,1712832401,60
존나 어려워서 하기 존나 싫음,비추천,1712715622,586
"실행이 되어야 뭘 하지...
나온지 몇년 된 게임이 아직도 실행 문제가 있다뇨.. 하
플레이 누르면 아무반응도 없습니다
혹시 해결책 아시는 분 계신가요;",비추천,1712167473,1444
"이 딴 게 고티...?
그나저나 모델링이 왜 다 씹소두에 목이김? 끝판왕 마저 목 겁나 기네
이 딴 게 ?
",비추천,1711424712,7704
병신겜,비추천,1711266014,3431
"239시간이나 플레이하고서

비추천 마크를 누르는 게 마음에 걸리지만

냉정히 보았을 때 이 게임의 객관적 품질은

그렇게 좋지 못 하다.

더욱이 게임에 대해 알게 되면서

악의적으로 설계된 부분까지 눈에 들어왔고

비추천을 누를 수밖에 없었다.


그래도 좋은 점을 나열하자면

힘들게 강화한 무기, 어렵게 입수한 방어구, 탈리스만을 착용하고

틈새의 땅을 절그럭대며 돌아다니는 감성적인 맛이 있는 편이다.

무기의 종류와 가짓수가 매우 많고

여기에 속성 부여를 할 수 있기 때문에

이를 충분히 활용해보리라 마음 먹는다면 

이 게임을 가지고 놀아볼 수 있는 것이 정말 많다.

스탯 또한 능력치를 크게크게 올리는 게 아니라, 잘게 자주 올리는 식이기 때문에

본인이 연구를 한다면 방어구와 무기의 무게, 마법들의 요구치 등을 계산해서

최적화된 값을 찾는 등 갖고 놀 수 있는 여지가 많다.


문제는..

튜토리얼을 끝내고 맨 처음 월드에 진입하면

이 게임은 꽤 훌륭할 것이라는 기대감을 품게 만든다.

하지만 엔딩까지 100여시간 동안 경험할 수 있는 것은

점점 더 열화돼 가는 첫인상에 불과하다.

즉, 당신이 림그레이브에서 늑대, 병사, 트리가드와 싸웠던 경험은

계속해서 반복될 것이며 그 경험은 열화될 것이다.


대부분의 엘든링 플레이 영상에서

게이머들은 그 넓은 맵을 질주하여

보스룽을 향해 달려간다.

모든 몬스터와 지형지물을 그냥 지나쳐 버린다.

많은 부분을 함축하는 장면들이다.


게임평가에 있어서 중요한 부분은 품질이라고 생각하는데,

엘든링은 그다지 좋은 품질을 보여주지 못 한다.

지나치게 과장된 색감, 어두운 부분이 많다.

게임 엔진의 문제로 인해 60fps로 제한이 걸려 있다.

물체의 상호작용이 극히 제한돼 있다.

사운드가 풍부하지 못 하고 평면적이다.

배경음악이 분위기를 이끌어내지만 가짓수가 너무 적다.


마지막으로.. 악의적으로 설계된 부분..

난 이런 눈속임을 정말 싫어한다.

게임을 하다 보면 간혹 충격적이고 잔인한 장면이 보이곤 한다.

그리고 끔찍스럽고 엽기적인 설정의 전모가 공개될 때도 있다.

이를테면 고드릭이 자신의 팔을 내려찍으며 입을 쩍 벌리고

고통에 찬 비명을 질러대는 장면이다.

나는 이것이 부족한 디테일을 감추기 위한 충격요법에 지나지 않으며

교묘하고 비열한 수법일 뿐이라고 생각한다.

다른 AAA게임이었다면 고드릭의 설정을 전달하기 위해서

NPC들과의 문답 속에서 고드릭이 순간순간 자격지심을 드러낸다든가

스톰빌 성에 잡혀들어간 포로들이 이야기를 해주는 등

보다 풍부하고 구체적이고 정확한 묘사를 시도했을 것이다.

하지만 프롬소프트웨어는 늘 그렇듯이

모호하고 불분명하며 그저 있어 보이지만

까놓고 말해 별 것도 없는 연출을 시도한다.

(사실 연출 자체가 없음. 컷신도 없고 아무것도 없음)


그리고, 다크소울1의 에셋을 왜 이렇게까지 재활용했는지 의문이다.

몇몇 부분은 교묘하게 짜집기 돼 주의깊게 들여다 봐야만 보이기까지 한다.

패턴은 세 가지다.

1. 있는 그대로 복사 + 붙여넣기 : 석화 바실리스크
(디자인 거의 완전히 동일, 모션도 동일하게 땅에서 좌우로 브레스, 점프하며 땅으로 브레스,)
작은 쥐, 큰 쥐, 거대 쥐
(그냥 똑같음)

2. 모션만 그대로 복사 : 황금나무의 화신 = 수용소의 데몬
(몽둥이를 양손으로 잡고 정면 내려찍기, 몽둥이 끝으로 땅을 쓸며 휘두르기, 날아오른 뒤 엉덩방아)
다크소울 개 = 엘든링 늑대
(달려오면서 한번 물고 멈추는 듯 하다가 다시 물기, 정면에서 갑자기 물기)

3. 모션을 조각낸 후 짜집기 : 
탐식의 드래곤 왼손으로 쿵쿵-쿵 세번 찍기 = 룬베어 왼손으로 쿵쿵-쿵 세번 찍기
거인의 묘지 4족 해골 왼손, 오른손 휘두르기 = 룬베어 왼손, 오른손 휘두르기
최하층 도살자 식칼 양끝을 잡고 땅에 내려박기 = 아나스타샤 식칼 양끝을 잡고 땅에 내려박기
흑기사 달려오면서 양손검 찌르기 = 엘리트 기사 달려오면서 양손검 찌르기(양손검 모션은 그냥 다 같음)

아니.. 당연히 무기를 잡고 휘두르는데 모션이 비슷한 거 아니냐고 할 수도 있겠지만

특유의 스타일, 리듬감, 미묘한 자세 같은 것이 거의 같기 때문에 적는 것이다.

디아블로 2,3,4에 전부 몰락한 자(Fallen)이 나오지만

디자인이 모두 새롭고, 공격 모션의 느낌도 전부 다른 것과 비교하면 된다.

그밖에도, 스킬 재활용, 설정 재활용 등 수없이 많다.


이런 모든 점을 고려했을 때

소울 게임에 정말로 관심이 많은 사람들에게는 추천하지만

그외의 사람들에게는 비추천이며

만약 구매를 하더라도 50%이상 세일이 들어갈 때 구매하는 것을 추천한다.",비추천,1711243881,14471
애미뒤진게임,비추천,1711176203,4383
"아ㅇㄴ몬ㅁㄴㄻㄹㄹㄷ먄ㅇㅎ러ㅏㅇ놀ㅇㄴ머ㅏㅗ 이런 뭐같은 ㅂ주정동작 !!!!!!!!!!!!!!!!!!!!
ㄴ밍;ㅏㅓㄹ멎냥롷ㄴㅁ올
게한테죽고 부정동작 이런 미친!!!!!!!!!!!!





",비추천,1710515837,13489
"어 일단 많은 분들이 유튜브 보시고 입문작으로 시작하시는데 본인이 M성향이 있는게 아니라면 딴것부터 해보시고 이 게임을 하시는걸 추천합니다,  솔직히 엘든링 너무 빨아주는 거 같은데 아 ㅋㅋ 오픈월드형 RPG가 생각보다 많이 무책임한 게임임. 내가 토스결제 하면 환불이 스팀머니로 되는줄 모르고 토스결제 했다가 봉변당했네 ㅅㅂ. 돈 아까워서 꾸역꾸역 21시간 했는데 결국은 삭제엔딩. 난 다신 이거 안할련다. 이 너머, 트리가드 애미 있다.",비추천,1710414099,1262
졸라 힘드네요 시부럴꺼,비추천,1709796791,1934
갓겜이라길래 해봤는데 소울류를 안 해봤던 나로서는 너무 어렵고 잔인한 느낌. 그래도 레벨업 노가다까지 하면서 꾸역꾸역 했는데 의미를 알 수 없는 말만 하는 괴물들을 반복해서 잡다보니 지루해져서 그만 뒀다,비추천,1709616348,5471
이게 왜 재밌지,비추천,1709558202,3271
"dlc 개적화 짜집기로 어거지로 만든 막보

이펙트 과하지도 않은데 게임이 느려짐 구르기 안나감 겜 ㅈ같이 만듦",비추천,1709390590,11154
..,비추천,1709377668,9541
"적들은 데메크 나는 다크소울 
적들만 존1나 화려하게 싸우고 나는뭐 없어서 맞으면서 배우는걸 떠나 그냥 전투자체가 개노잼이다 갠적으로 전작들만큼의 성취감은 도저히 못느꼈음",비추천,1709264367,39168
"이 게임은 마치 음료수없이 불닭볶음면을 먹는 느낌이다.
음료수가 이상한가? 왜 음료수를 주지않을까? 팬들은 음료수가 없어야 진정한 불닭볶음면의 맛을 알 수 있다고 한다.
하지만 그 맛이 확실히 특이하다. 극도로 매운맛이 혀를 자극하지만 괜한 고집을 만들어 기어코 그릇의 바닥을 보게 만드는 맛이다. 좋은 게임이라는 뜻이다.
다만, 이 맛을 과연 모든 게이머들에게 추천할 수 있을까? 난 아니라고본다.

엘든링은 확실히 맛있다. 매운 맛을 좋아하는 사람들에겐 불닭이 맛있지 그럼 맛이 없겠는가?
훌륭한 그래픽과 OST, 드넓은 월드와 수많은 장비와 아이템들... 게임의 구성요소는 하나같이 깔 게 없을 정도로 갓겜이다.
하지만 이 게임은 이 게임을 찬양하는 일부 악질 팬덤에 의해 지나치게 고평가되어있다.
 1. 냅다 던져두고 알아서 하라는 극도의 불친절함
 2. 몸으로 (맞으면서도 아니고) 죽고난 뒤 그 자리로 달려가서 노예처럼 배우라는 식의 애매한 적들의 공격
 3. 대놓고 죽으라고 만든 불합리한 레벨디자인
 4. 일관성이라곤 1도 찾아볼 수 없는 보스들의 패턴
이들이 게임을 재밌게 만드는 주요소는 절대로 아니다. 없어도 좋았을 것이다. 굳이 있을 필요가 없다는 뜻.
 하지만 앞서 말했던 악질 팬덤들은 이 네가지 요소가 전부 ""소울류 이기 때문에 상관없다"", ""원래 그게 맞다"" 라는 식으로 고평가한다. 확실하게 게임의 단점이되는 요소를 굳이 빨아주는 이유가 도대체 무엇인가?

 이건 음료수를 안준 수준이 아니라 준 음료수를 그냥 냅다 벽에 꽂아버리고선, ""이것도 못먹어? 그럼 먹지마 ㅄ아ㅋㅋ 누가 불닭먹으라고 칼들고 협박해??"" 라고 하는 것과 같다. 난 분명 이걸 '먹어보기위해' 6만원이라는 비용과 짜투리로 남은 시간을 투자했는데 말이다.... 이 말을 들은 사람은 어떨까? 당연히 기분이 ㅈ같으니까 비추천때리고 다른 음식을 먹으려 할 것이다.... 그게 나다.
이 외에도 불편한 점이라면 많다.
게임이 출시한지 2년이 넘어가는데 아직도 최적화 이슈가 남아있고, 심지어 콘솔게임이라 60프레임 고정이다.
또한 PC 버튼 매핑이 굉장히 ㅈ같이 되어있는데, 게임 내에서 절대로 직접 설명해주지 않고 키 설정을 들어가야만 확인할 수 있다... 심지어 이 조작이 익숙해질때까진 이 거지같은 구시대적 UI가 미친듯이 불편하다. 도대체 말은 왜 따로 키가없고 포션과 같은 칸에 장착하는 아이템인건데? 이해가안된다...

-

다시 말하지만 게임은 분명히 맛있다. 다만 불필요한 요소와 문제점이 많다.
거기에 한술 더 떠서 지나치게 게임을 찬양 및 고평가하며 지들이 하는 행위가 유입들을 쳐내는 행위인지도 모르는 병신같은 팬덤이 게임을 더럽혔다.

일반인이라면 절대 구매하지말길 바란다. 오래 해야하는 게임을 하다 말고 유기할텐데, 돈을 땅바닥에 버릴셈인가?
캐주얼 게이머라면 좀 더 고민해보길 바란다. 새로운 경험'만'을 위해 돈을 바치는게 가능하다면 추천.
또한 세키로를 제외한 소울류를 해봤는데 자기랑 안맞았다면 무조건 비추천한다. 필자는 세키로를 너무나도 재밌게 플레이했지만 이 게임은 만족보다 불만이 큰 상황이다.
게임을 켰다하면 그 게임은 무조건 깨겠다, 라는 고집이 있는 코어 게이머라면 나름 추천할 수 있다. 다만, 이것도 어느정도 기본적인 컨트롤이 있어야한다. 게임을 못하면 절대 구매하지말 것.

추천해야할 층보다 비추천해야할 층이 압도적으로 많으므로 이 게임은 비추천한다.
GOTY라고 뭐 대수냐, 할 말은 해야지...",비추천,1709104423,1524
몹을 잡을 때 무기 드랍율이 악랄하게 낮아서 게임을 하는데 지루하게 만듦. 그저 플탐 늘리기용으로 만든게 너무 속보임. 이 정도로 무기가 안나오는 겜은 망해야한다,비추천,1708673620,11768
엘데의 왕 잡으니까 갑자기 맵 뚫려서 바닥으로 추락시켜서 죽이네요 50만원 날라갔습니다,비추천,1708379049,9370
씨발씨발개씨발,비추천,1707704780,455
"환불함
사유:패드 UI가 안나옴",비추천,1707641639,13
겜 개어렵네,비추천,1707631268,19
"나는 모험을 즐기고 싶었는데 게임 디자인이 계속 내 마음을 피폐하게 만듦.
모험을 하면 할 수록 림그레이브를 떠나기 싫어져",비추천,1707234742,2941
다크소울3!!! 미디르! 만든 사람 퇴사 했나? 용 관련 보스는 시점이 왜 이렇게 쓰레기냐!!,비추천,1706627643,38460
멀티플레이 이상해요.,비추천,1706615866,50
쓰레기 게임 1대 다수 싸움 불쾌한건 물론이고 인간형 보스 아닌 애들은 패턴이 하나도 안보이게 만든 쓰레기게임. 이딴 게임인줄 알았으면 환불했지,비추천,1706597778,17578
"그래픽이랑 분량 제외하곤 소울류 중에 제일 별로. 맵디자인, 던전 디자인, 몹 전투 디자인. 죄다 전작에 비해 뒤로 퇴보한 느낌. 굳이 엘든링을..",비추천,1706453754,6334
"'오픈월드'라는 장르보다 '소울라이크'라는 장르가
더 큰 개념이라고 생각한 허무맹랑한 디렉터가 빚어낸 참극.",비추천,1706451752,15815
tlqkf rmsemffld,비추천,1706438758,12434
"내 시간 아낄려고 노가다 좀 안할려 했더니 치트도 못쓰게 해놨네. 노가다 극혐. 

필드는 매우 큰데. 몹잡는 컨텐츠가 전부이고. 렙업할라면 뺑뺑이 졸라게 쳐야됨

GOTY라 해서 삿더만. 환불 마렵네",비추천,1706384709,3295
"DLC 4번 매번 빌드 바꿔가며 클리어 후 작성.

그동안 프롬 게임은 공방을 주고 받는 개념을 어려우면서도 재밌게 잘 풀어왔다고 생각하는데, 이번엔 그 밸런스가 크게 무너졌다. 그러다보니 그동안 있었던 프롬의 고질적인 문제들 카메라 워크나 요상한 선입력, 키 씹힘 등 이 것들에 대한 문제가 심각하게 느껴지기도 한다.
보스들이 전체적으로 광범위하고 화려한 이펙트를 가진 기술들을 쓰는데, 그 이후 패턴 안보이는 경우가 너무 많다. 본편은 그래도 그런 패턴 후에 충분한 시간을 가지거나 가시성이 뛰어나도록 설계되어있는 반면 DLC는 그런거 없이 냅다 갈겨버리고, 데미지 또한 강하니 그런 식으로 한방에 몇 번 죽다보면 짜증만 난다. 체력도 본편에 비해 훨씬 높으니 그런 억까패턴에 대응하기 위한 생각을 항상 하고 있어야 클리어가 가능하다. 
영체를 사용하지 않고 플레이한다면 오히려 패턴을 끊어버릴 수 있는 패링으로 승부를 보는게 더 편하다고 느꼈다. 또한 투사체를 여러개 발사하길래 정면에서 오는 투사체를 피했더니 옆에오던 투사체 방향이 꺾이면서 나에게 와 전혀 피할수 없는 상황도 겪으며, 몇몇 패턴들은 히트박스가 이상해서 정교한 패턴을 보여주던 프롬이 맞나 싶은 보스도 있었다.
그래도 위에 서술한 문제점들은 게임에 대해 많이 알고 있고 익숙하다면 방법을 찾아 금방 넘겨버릴 수 있는 정도인데, 막보 2페는 정말 이게 데메크인가 싶을정도로 타게임에서나 나와야할 보스가 나온 느낌이다. 본편에서는 말레니아 공략에서 물새난격을 피하는 방법을 익히는게 클리어의 중요 요건이었고 대부분은 물새난격을 완벽히 파훼하기보다 조금 맞더라도 살아남는 식으로 소모전을 하면서 플레이한걸로 알고 있다. 그런데 막보2페는 물새난격ver1, ver2, ver3 이런식으로 이루어져 있다고도 볼 수 있으며 타이밍만 맞춰서 방향 상관없이 회피해도 피할 수 있는 패턴자체가 한두개 뿐이다. 그러다보니 처음 플레이하면 상당한 시간동안 소모전 형식으로 보스전이 이루어지게 되니 불합리하다고 느껴질 수 밖에 없는 것. 1회차에 8시간 트라이, 2회차 7회 트라이, 3회차 2회, 4회차 1회에 막보를 잡게 됐는데, 첫 경험 8시간 동안은 정말 스트레스 그 자체였다.
진행하면서 자주 마주치는 뿔기사는 도가니기사 상위 호환이라 볼 수 있을 정도의 스펙과 패턴을 자랑하는데, 얘들은 리젠이 된다. 마지막 지역에서 만날 수 있는 서리밟기를 쓰는 뿔기사에게 가호16 생명력 50 마력 경감률 61인 상태로 한방에 죽기도 했다.
그리고 저런 문제점들을 더 크게 느끼도록 만든 문제가 맵과 가호 시스템이라 생각하는데, 지역에 진입하기 위한 힌트나 진입루트가 본편은 2~3개씩 됐던 것에 비해 DLC는 딱 하나 뿐이며, 성장에 필요한 가호들은 맵 전역에 펼쳐져 있다보니 솔직히 대부분 스펙이 미달된 상태로 보스들을 상대하게 된다.
본편에서도 트리가드 -> 멀기트 순으로 바로 달렸어도 이번작은 빡세다 생각하고 말았는데, DLC는 아무것도 모르고 맨땅에 박으면서 플레이한 사람들은 플레이 경험이 좋기는 힘든 구조라는 생각이 절로 든다.

그래도 정말 잘 만들었다고 느끼는 부분은 지역마다 들어섰을때 보여주는 광경이나 분위기가   주는 아름다우면서도 무섭거나 경외감이 들게하는 이런건 정말 잘한다 생각하게 되고, 지역마다 색감이 확확 바뀌는데 눈요기가 된다.
막보만 제외하면 패턴마다 다양한 공략법을 만들어 놓은 점도 정말 칭찬할만 하고, 회피만을 이용해서 플레이하는 것 보다 다양한 방법을 이용할 떄 많은 딜타임을 가져가게하지만 딜타임이 적어질 순 있어도 그러한 특정 플레이만을 해야 클리어가 되는 것은 아닌 부분이 프롬게임을 계속 할 수 밖에 없는 이유이기도 하다. 메스메르는 그에 부합하는 정말 잘 뽑은 보스다. 괜히 메인으로 보여주는 녀석이 아니구나 싶을 정도로 소울류에서 기대하는 전투에 부합하는 재미를 느낄 수 있는 보스. 
새로운 무기와 마법들도 확실히 재밌는게 많이 나와서 그런 부분에선 좋았다. 현재는 패치도 어느정도 되고, 사기적인 빌드도 많이 나왔으니 공략을 보면서 플레이한다면 그래도 나쁘지 않은 경험이 될것이라 생각한다.",비추천,1706358789,22131
너무어려움,비추천,1706341636,194
엘든링은 스꼴라다.,비추천,1705608181,9265
멀기트 씹새,비추천,1705560474,2630
"
앞으로 이 게임(DLC 포함)을 사서 플레이 하면 겪게될 상황

1. 프레임 드랍
2. 엿같이 튀고 풀리는 락온 (환경 설정해도 안바뀜)
3. 프레임 드랍으로 인한 인풋렉
4. 역겨운 카메라 회전
5. 하지도 않았는데 뜨는 부정한 동작
6. 접속에 문제가 발생했습니다. 원래 세계로 돌아갑니다.
7. 존나 재미없는 보스들 (미드라, 메스메르 제외)
8. 게이

컴퓨터가 좋아도 보게 될 것입니다. 

최소한에 프레임 드랍, 부정한 동작, 접속 문제는 개선해줘야하는데 능력이 없어서 못하는건지,
아니면 유저들 엿먹이려고 일부러 안하는 건지 모르겠네요.

사실꺼면 본편만 하다가 DLC 할인할때 사세요. DLC는 절대 5만원 값어치에 게임이 아닙니다.


그리고



프롬아


영체 좀 쓰라고 ? 






응 이미 DLC 출시 하자마자 2일 만에  노영체 노소환으로 다깼어 ~  
자꾸 영체 쓰게끔 개억까패턴 만드는데 어쩌라고 내맘대로 할꺼야  ^^ ㅗ",비추천,1705423502,105451
중후반까지 맛있다가 갑자기 매워지네...,비추천,1705295171,37599
엄마 없음,비추천,1705290283,2020
시발 멈추고 재접하니까 그동안 하던거 날아갔네,비추천,1705122835,3646
갓겜,비추천,1704892550,7057
근든링ㅅㅂ,비추천,1704885915,3389
"누가 이거 갓겜이라고 했냐 똥겜 냄새가 여기까지 나는데 
몇몇  RPG 같은 재밌는 요소와 멀키트, 말레키스, 고드프리 같은 맛있는 보스전이 있지만 
스토리나 오브잭트 재대로 안보면 절대 길 찾을수 없는 구조에  가는길 ㅄ,  보스 패턴 ㅄ
(화염 뚱땡이, 퉁퉁이와 비실이, 민달팽이는 누구 대가리에서 아이디어가 나온 거냐)
이딴 게임 하지 말고 더 재미있는 겜 많은데 그거나 하자



말레니아는 자기가 하드코어한거 좋아한다고 생각하면 해보자 나름 재밌음
(처음에 순수 피지컬로 하려다가 포기함. 말레니아 잡는 세팅 맞춰서 힘들게 깸)
나중에 세키로나 해야겠다",비추천,1704767092,7583
ㅈㄴ 어렵네 ㅠ,비추천,1704622050,404
"'재미없게 어렵다','럭키 스꼴라'",비추천,1704176721,14687
"왜 인기가 있는지 모르겠습니다.소울 입문자인데 게임을 하라는건지 말라는건지 모르겠습니다.
저처럼 소울 처음하시는거면 다른게임을 추천합니다.",비추천,1704135064,7963
불쾌함 이런 거 안 맞는 사람한테는 그냥 고문임,비추천,1704123323,3147
십망겜,비추천,1704120819,11886
이거 하는 놈들은 마조피플들이 틀림어ㅄ음,비추천,1703668769,6098
"다른겜에비해서 불합리하게 어려워
다꺠도 뭔가 성취감이 없네;
순수하게 돈이아까워서 억지로했다....  
스토리가 진짜 ㅋㅋㅋㅋ 결국 다크소울이랑 뭐가다른데??? 
걍 왕좌의게임 스토리짜신분이 세계관이라도 그나마 재밌게 잘짜줫는데 
다크소울의 불사설정을 토대로한 스토리임 ㅋㅋㅋㅋㅋㅋ 그래서 결말도 뭐;
얼마나 편하게만들고싶었으면 스토리, 그래픽, 조작등 모든걸 그대로 유지시켯을까ㅋ 
그리고 점프하나 넣어서 다크소울이랑 다르다고 꼴값쳐떨던데  너무한거아니냐?
얘네들도 토도키하워드마냥 한물 같다고 보면됨ㅋㅋ
딱 스타필드.. 아니 이건좀 심햇다 ㅋㅋ  스타필드보다 잘만들긴했지^^  

그리고 다크소울 복붙한건 지들 ip라 좋게봐줘도 
말레니아 패턴중 하나를 마비노기 영웅전에서 표절한건 뭐냐??? 
게다가 억지로 만든티 팍팍남 ㅋㅋㅋㅋㅋㅋㅋㅋㅋ 
물새난격이라고 점프해서 때리는건데 
사람키만큼 점프했으면 그밑으로 당연히 들어갈수있는거 아님??? 
투명기둥을 구태여 설치한 이유가?? 니네가 만든 다른겡들의 보스들은 투명한건 없엇는데..??? 
얼마나 만들기싫었으면 남의거 그냥 그대로 넣고 심지어 세계관 주요인물인데 히든보스로 지정했을까????  
존나 레전드네 ㅋㅋㅋㅋㅋㅋ

dlc? 5만원????
걍 안살게ㅋ

-------------------기존평-------------------------
다크소울2보다 재미없음
세키로까지는 괜찮았는데 이거는 다크소울 짭퉁으로 쳐만들고 설정도 그대로 복붙 ;;
게임성도 복붙, 보스도 복붙에다가 어거지패턴; 최적화도 개판, 그래픽도 그대로    
이게임 의의: 다크소울의 더넓어진 오픈월드

환불도 못하고.... 돈아깝다 이거는게임 만원대일때 사셈 제값주고는 돈아깝다",비추천,1703590051,5643
"멀 해야 하는지 모르겠다.

프롬식 불친절함은 그대로인데 오픈월드까지 추가 되니 과대 포장 된 한국 과자같은 게임이라 볼 수 있다.

보통 멀기트하다가 접는데 나는 멀기트까지만 재미있더라

갓겜이라고 해서 샀는데 진짜 돈 아깝고 다시는 프롬겜 안산다.",비추천,1703512552,5834
시발 진짜 존나 불친절하네 갓겜이라고 해서 해봤는데 욕밖에 안나옴,비추천,1703507868,73
버그 ㅈ망겜 다신 안한다,비추천,1703490327,8862
"55분하고 환불함. 초반 시작 방법은 알려줘야되는거 아니냐..
뭔 이런 줫같은 게임이 있음? 내가 볼때 플탐 100시간이면 반은 공략검색임
이건 걍 돈내고 하는 리니지잖아 시발
구매 안한 사람이 승리자다.",비추천,1703393592,55
소울류에 점프가 왜필요함? 성진짜 낙사구간 ㅄ같이 만들었네 시간 안지났으면 환불했다 그냥 걍 생각 존나없이 뇌절치고 만들었네 겜이,비추천,1703353703,242
"뭐 깨도 내가 잘하거나 실력이 는 게 아니라 우연히 좋은 패턴에 딜타임이 잘잡혀서 깬거고 
걍 피지컬 ㅈ 도 상관없는 즉발 패턴에 ㅈ도 힌트도 개연성도 없이 날라오는 숨겨진 패턴에
구르기 통하는지 안통하는지도 모르겠는 제작자 머리속 궁금해지는 판정에
노래 좋고 연출 좋은건 알겠는데 걍 게임이 구린데 왜 이게 갓겜소리를 듣나
잘 살펴보면  그래픽도 구리고 프레임도 안나옴 ㅋㅋ 60fps 락에 패턴 ㅈ같이 안보이는건 덤이내
이왜 갓겜

더해 봐도 병신겜이 맞다 락온 시스템은 여전히 병신이고 특히 거인같은거 잡을 때 풀고 해도 애매하고 걸고 해도 애매한 쓰레기 시스템이고 보는 맛은 있다쳐도 막상 플레이 하면 모션은 발보고 파악해야 되고 말이 좋아서 오픈 월드지 걍 같은 비슷한 맵에도 뭐는 ㅈㄴ쌔고 뭐는 ㅈ ㄴ약하고 정작 보스 잡는 순서가 조금 자유롭다 뿐이지 난이도 때문에 길은 거의 대강 정해져 있는거나 다름없고 보스 찾기 ㅈ같은건 덤이고 지하 던전 같은것도 계속 재탕에 재탕 잡몹은 계속 봤던 몬스터라 걍 짜증나기만 하고 두세마리 겹치면 갑자기 30프레임 까지 떨어지는 병신같은 최적화에 (3080임) 패턴운빨은 여전하고 그래픽 뭉개지는건 뭔지 모르겠고 지하 같은 맵에서 살짝 벽끼면 카메라 발작하는것도 레전드고
 연출이나 메인스토리 보스전 그런건 상당히 맛있긴한데 그거 뿐임 그거 빨로 하는게임인데 길 퀘스트 꼬여서 해매기 시작하면 검색없이는 답도 없음 아 패턴재탕에 참신함도 갈수록 사라지는건 덤
테두리 없는 창모드 하면 한 3분에 한번씩은 마우스 나가서 겜 ㅈ같아짐 이럴거면 PC로 내질 말던가
말레니아 만든 끼 어디사냐?

2회차 보스 업적 다 깨고 별세기 까지 봤는데 무기따라 난이도 차이가 너무 심함 또 영체쓰면 너무 쉽고 안쓰면 좀 먹을만은 한데 영체 영약 거세하고 해야 겨우 보스랑 비등비등하게 싸우는게 말이되나? 뽕맛이 다 떨어지내 
강화 하면 할수록 걍 게임이 노잼이 되는건 진짜 신박하내 
시산쓰니까 말레니아 걍 개발라 버리고 엘짐한태는 이빨도 안박히는게 
모든 문제는 레벨 디자인이 걍 ㅈㄴ구려서 그런듯 오픈월드 방패 올리기에는 당장 축복에 인도로 동선 제약 주면서 1회차 플레이어가 이걸 어캐 인지 하라는 건지 모르겠내 ㅋㅋ
트리가드도 생각해보면 토렌트 못받은 상태로 만나내 초회차 플레이어가 그걸 돌아간다는 생각을 어캐하라는거지?
불의거인도 메인스토리 위주로 진행했을 때 타이밍 진짜 개쓰레기 잡기도 ㅈ같고 패턴도 쓰레기
2022년 고티 후보 보니까 물로켓이 아닌가 무슨 스토리는 파편마냥 다 터트려놔서 지뢰있나 지뢰 제거반 마냥 막대리고 온 필드 찌르면서 봐야되고 아니면 이해하기 드럽게 힘들고 
고드프리랑 라다곤 형은 존나 재밌었음
세로시 찢고 나도 찢어버릴때 가슴:(열려있음)이 웅장해지는 
진짜 라다곤패턴은 쫀쫀하게 잘 쪼여 있어서 피하고 때리는 맛이 살아있음",비추천,1703284808,10437
"세일한다고 샀는데..
시브럴 네크워크 끈겼다고 벌써 5번째 끈기네
서버터졌냐..ㅡㅡ",비추천,1703225870,8082
"거품 빼고 소울류를 처음 하는 입문자에겐 비추하는 편입니다만, 유툽으로 엘든링 공략봐가면서 공부하는 느낌으로 입문하시면 재미있지만 그런게 영 불편하시면 아예 안하는게 낫다고 봅니다.

전 소울 처음 입문이고 공략 및 공부하면서 하는중인데, 정말 미치게 재밌다 정도는 아닌거 같습니다. 차라리 스토리 탄탄하며 오픈월드까지는 아닌 그런 액션게임이 훨씬 좋을거라 생각합니다",비추천,1703053669,3139
아니 씨발 게임 실행이 안되서 환불함 존나 어이없네,비추천,1703020033,9
똥중의 왕,비추천,1702931640,8137
고티 받을 만 하다.근데 60프레임 고정은 선넘지,비추천,1702804301,6198
"난 좀 별로였음 엔딩은 봤는데 시야에 다 들어오지도 않을정도로 큰 보스들 무슨 공격하는지 보이지도 않고
감으로 회피 해야 되는 억까 차라리 말레니아 같이 작지만 최악의 억까 보스가 더 나을지경 
이것보다 세키로가 훨씬 재밌었음",비추천,1702795773,8707
"dlc 진짜 ㅈ같이 만들었네 
이미 사람들 다 깨고 레벨도높고 하니까 밸런스 맞추려고 
억지 패턴 우겨넣기 억지도 이런 억지가 없다 
진짜 재밌는게 아니라 불쾌함 
니넨 게임 안해보고 내냐?

아니 ㅅㅂ 영체소환하는데 쳐맞고 벽에서 쳐맞아서 시점 병신되서 그냥 뒤지고 존나 불쾌하네 진짜",비추천,1702271617,11761
Trash garbage game pls nerf chainsaw,비추천,1702049565,84589
대단한 게임이라는 것은 알겠는데... 불친절한 게임은 너무 취향이 아닌것같음... 게임하면서 애써야하는것은 별로 하고싶지않음....,비추천,1701952733,188
잡몹만 어렵게 만들어놨네 개피곤~,비추천,1701609838,1102
이거사려고 칭구카드로 결제했네요 오늘도 알뜰소비 갞 ㅜㄹ,비추천,1701342301,7671
하지마,비추천,1700834364,10222
멀기트 ㅅ발련아,비추천,1700821656,3741
다크소울보다 별로임,비추천,1700809649,6360
"프롬이 개발하는 소울류 게임이 계속 이런 식으로 나온다면, 앞으로 사지 않을 것 같습니다.",비추천,1700154524,13070
Ws tnlqeek rotlqkf,비추천,1699261127,5661
"이게임은 좀 많이 피곤한게임 죽을떄마다 몹이 다시 생성되기떄문에 다 다시 죽이고 가서 내 돈을 챙겨야함 근데 몹 배치가 잡기 쉽게 되어있는것도 아니라서 다 생각해서 죽이고 피해야함 몹중에 또 꽤 쎈녀석이 많아서 죽을떄마다 다시 다 돌파해야한다는 생각떄문에 정말 피곤해짐 당연히 이런 시스템이 소울류 게임이라 하겠지만 즐기려고하는 소프트게이머는 고민을 해보아라 그렇지만 새로운 세계를 탐험하는 재미떄문에 또 돌파하게되는  

""하지만 게임을 끄고 다음날 다시킬떄 망설이게 된다""",비추천,1699194700,13680
재미는 있는데 난이도가 망침,비추천,1699154729,972
"고드릭 애미 창녀
",비추천,1699076262,1177
"개 즂같은 게임, 우주 미꾸라지 씌발 죽어버려 내가 엘든의 왕이다 이딴 세상은 멸망해야 돼. 불타 버려라",비추천,1698864266,5308
"하 ㅋㅋ 제가 소율류 겜이랑 잘 안 맞는 건지 잘 모르겠는데, 일단 어느부분에서 재미를 느껴야될지 모르겠어요. 할인 할 때 사서 그렇지 정가로 샀으면 후회했을 듯. 6만원 겜이라고는 좀 생각이 안 들고 연출이 조금 아쉬움. 보스를 깨고 성취감 같은 느낌은 하나도 안 들고 그냥 깼구나 싶어요 잘 모르겠네요 전
",비추천,1698759695,1703
1회차 밀리센트 자매 한대 딜이 1548? 이게 맞냐? 한대 맞으니까 경감률 70언저리인데 4분의 1이 깎여 맞냐고,비추천,1698652362,10371
하얀화면때메 들어가지도 못하고  ^^ㅣ발,비추천,1698456125,7826
병신겜,비추천,1698344952,6823
엇박 엇박 엇박 개발자 월급도 엇박으로 들어와라,비추천,1698323788,17528
"최악의 개적화 게임
기분 좋을때는 10분안에 5번 CTD
게임성은 좋으나 게임질은 개씹",비추천,1698315440,17183
"이지안티치트 때문에 게임 실행이 랜덤입니다. 왜 씀?
게임 잘 만들면 뭐해요",비추천,1697818609,8553
존나 어렵네,비추천,1697786583,411
"재밌긴 했고 딱히 대체재도 없어 보이긴 한데, 조잡한 부분이 많아서 남들한테 추천은 못하겠음

1. 보스 자체가 어려운 경우는 별로 없고, 대부분이 카메라 or 맵이 쓰레기 같아서 어려움
카메라가 쓰레기라 보스 모션을 가리거나 록온했는데 보스를 못 따라간다든지, 보스전인데 낙사가 있다든지, 회피하는데 걸리적 거리는 게 많다든지 하는 식
스펙차가 너무 나서 어려운 보스도 좀 있긴 했음

2. 후반부 보스 몇이 좀 선 넘게 조잡함. 특히 말레니아
그 전까진 영체 마법 기도 방패 원거리 다 안 쓰고 했는데, 말레니아가 너무 조잡해서 그냥 그 뒤로 쓸 거 쓰고 날먹함. 가뜩이나 수동적인 전투 시스템이라 템포 떨어지고 액션겜으로서의 재미도 좀 그런데, 말레니아 물새난격이 확률 발동이라 그거 쓸 때까지 하루종일 거리 두고 눈싸움이나 하는 식이라 깡 1대1로 붙으면 개쓰레기 같음. 고인물이야 그냥 근접 물새난격 나와도 잘 피하겠지만...

3. 패턴에 내부쿨이 없어서 짜증나는 경우가 종종 나옴. 7, 8번 연속으로 원거리 패턴 쏴재낀다든지, 하루종일 도망패턴 쓴다든지 등 

4. 대형 몹들과의 전투 중 재밌었던 게 단 하나도 없음. 패턴을 떠나서 근접전 하려면 붙어서 다리나 떄리고 있어야 되는데, 카메라는 쓰레기라 보스 모습도 제대로 안 보이고 이게 뭐 하는 짓인가 싶음. 거기다가 대형 몹들 느릿느릿하면서 경직은 안 먹어서 억지로 템포 떨구는 식 + 제대로 때릴 수 있는 부위가 다리 밖에 없는데 다리를 록온할 수 없는 놈들도 좀 있었음

5. 세키로 할 때도 느꼈던 건데, 얘들은 1대1 외의 전투를 재밌게 만들 능력이 없는데 1대다 보스전을 왜 이렇게 쑤셔넣는지 이해가 안 감. 기본적으로 시스템 자체가 1대다를 상정하고 만든 시스템도 아닌 데다가, 심지어 영체 뽑았을 때 보스 하는 꼴 보면 보스 ai도 1대1을 상정하고 짜놓고서 그에 어긋나는 시스템을 덧붙이는 거 보면 좀...

6. 벽 뚫고 들어오는 공격에 처맞는 경우가 너무 많음. 세키로 할 때는 몇 번 없어서 그게 거슬리지는 않았는데, 여기서는 너무 많아서 똥내가 심함

7. 중후반까지 공략 안 보고 해서 제작자가 의도한 순서랑 다르게 진행했는데, 그 뒤에 공략 보고 퀘스트 진행해보니 문제가 이것저것 터짐. 마지막 진행 했는데 퀘스트 npc가 아무 반응 없이 똑같은 말만 반복한다든지, 보거나 들은 적 없는 npc나 이야기를 당연히 내가 아는 것처럼 말한다든지, 퀘스트 중간이 잘려나간다든지

8. 오픈월드 겜인데 세계에 생동감이 안 느껴짐. npc는 옆에 몹이 있든, 전투가 벌어지든 아무 반응도 없고 몹도 반응을 안 함

9. 밀도 있게 채우지도 못하면서 맵이 너무 쓸데 없이 넓음. 그렇게 넓으니 말을 탈 수밖에 없는데, 마상전투는 성능도 구리고 진짜 개노잼임 + 복붙 보스가 어마어마함. 심지어 추억 주는 보스 중에도 복붙이 몇 있음. 그런 거 싹다 쳐내고 맵을 한 1/3 이하로 팍 줄여야 됨

10. 가시성이 좀 문제가 있음. 축복이나 사다리 같은 게 가시성이 구려서 못 보고 지나쳐서 고생하는 경우가 꽤 있었음

11. 스토리텔링이 너무 조악함. 무녀는 대사 있을 때나 한 번씩 나와서 동료로 느껴지지도 않음. 묻지도 않은 것들을 지 혼자 주절대는 보스들도 너저분하고. 할 거면 세키로처럼 스토리텔링을 제대로 하든가, 안 할 거면 정통 로그라이크 류처럼 그냥 입 다물고 플레이에만 집중하는 게 나을 거 같음",비추천,1697749138,6291
적당히 어려워야지 시부레 트리가드인가 한테 7번뒤지고 바로 환불때리고 게임지워버림 안함 ㅗ,비추천,1697634430,46
ㅠㅠㅠㅠㅠㅠㅠㅠㅠㅠㅠㅠㅠㅠㅠㅠㅠ,비추천,1697630558,656
세일하길래 샀는데...21:9 지원 안해줘서 바로 환불 때림. 시대가 어느 시댄데...,비추천,1697466466,106
"게임을 ㅈ같이 만들어 놓았어요.
보스나 적들과 전투에 난이도가 높은 것같은 경우는 이해하고 넘어가겠는데,
점프 거리도 조정안되게 ㅈㅗㅈ같이 만들어 놓고, 점프하다가 떨어저 죽게 만들어 놓았네요.

거지 같이 불편하고, 짜증나게 만들어 놓은 게임이에요.",비추천,1697409823,18058
다크소울 아류작.,비추천,1697368171,5337
너무 어렵고 가이드 봐야 좀 할만한데 게임을 가이드 보면서 할려면 뭐하러 하는지 모르겠다.,비추천,1697305237,5331
좆같은 맵,비추천,1697039817,5505
"단점: 그냥 광할한 공간에 플레이어를 달랑 떨어뜨려 놓았다. 인카운터나 상호작용 등의 요소도 없어서 자유도가 높은 게임이 아니라 무책임한 방목을 하는 게임이라는 인상을 준다. 스토리를 전혀 알 수 없고 게임이 진행된다는 느낌이 하나도 없다. 인게임에서 알려주는 정보도 굉장히 제한적이어서 대부분의 정보를 게임 밖에서 찾아야 한다. 그럼에도 눈에 보이지 않는 퀘스트 라인이 있고 지역별 권장되는 레벨도 있어서 선형적인 게임을 가장 구린 방법으로 플레이 하는 것 같다.

장점: 라단이 멋있다. 라단 풀셋에 그랑삭스, 놋쇠 들면 성능도 괜찮고 멋있는 룩이 된다. 라단 만세!",비추천,1697014917,3368
ㅗ,비추천,1696947948,5321
"세키로 하다 프롬겜 더 파보고 싶어서 했는데...
액션이랑 스피드한 게임템포를 기대하면 나처럼 찍먹하고 안하게됨",비추천,1696939108,7423
ㅅ발 존나게 어렵네진짜,비추천,1696901919,442
"ro시발 트리가드년좀 삭제해줘 이 시발 ㅈ같은 게임아
",비추천,1696835627,6009
씨기트 멀발련아,비추천,1696771869,203
트리가드 좆같다,비추천,1696766701,81
트리가드 멀기트 설계한 새끼 주소 삽니다,비추천,1696761613,1924
재미없음,비추천,1696759357,43
씨발 흰화면뜨면서 응답없음 드면 어케해야하누~,비추천,1696735217,80
;,비추천,1696704998,1098
개적화 병신겜,비추천,1696658310,4242
오오 보아라 네 마나 없다,비추천,1696606706,5337
재밌어요,비추천,1696357046,6153
접속에문제가발생했습니다.접속에문제가발생했습니다.접속에문제가발생했습니다.접속에문제가발생했습니다.접속에문제가발생했습니다.접속에문제가발생했습니다.접속에문제가발생했습니다.접속에문제가발생했습니다.접속에문제가발생했습니다.접속에문제가발생했습니다.접속에문제가발생했습니다.접속에문제가발생했습니다.접속에문제가발생했습니다.접속에문제가발생했습니다.접속에문제가발생했습니다.접속에문제가발생했습니다.접속에문제가발생했습니다.접속에문제가발생했습니다.접속에문제가발생했습니다.접속에문제가발생했습니다.접속에문제가발생했습니다.접속에문제가발생했습니다.접속에문제가발생했습니다.접속에문제가발생했습니다.접속에문제가발생했습니다.접속에문제가발생했습니다.접속에문제가발생했습니다.접속에문제가발생했습니다.접속에문제가발생했습니다.접속에문제가발생했습니다.접속에문제가발생했습니다.접속에문제가발생했습니다.접속에문제가발생했습니다.접속에문제가발생했습니다.접속에문제가발생했습니다.접속에문제가발생했습니다.접속에문제가발생했습니다.접속에문제가발생했습니다.접속에문제가발생했습니다.접속에문제가발생했습니다.접속에문제가발생했습니다.접속에문제가발생했습니다.접속에문제가발생했습니다.,비추천,1696299392,28326
.,비추천,1696262920,8825
노잼 노가다에 연속 똑같은 패턴에 몬스터 반복,비추천,1696242905,8046
불합리한 패턴과 과할 정도로 높은 전투기술 의존도,비추천,1696219979,8479
겜하다가 그래픽깨지면서 튕김 5분이상 게임 불가함,비추천,1695905099,4550
"안하다가 다시 해볼려는데 렉 왜케 심해짐..?
최적화방법 다해봐도 답이없네그냥",비추천,1695892585,13464
,비추천,1694718634,5845
이게임을 하고 싶은 이들에게 하고싶은말은 단 하나임. 다크소울3 오픈월드버전이니 하지말고 프롬충들만 즐기면 됨,비추천,1693532458,143883
힘듬,비추천,1693319848,22316
하 존12나 어렵네 2시간 하고 컷 몇번을 쳐 죽은겨 ㄹㅇ,비추천,1693237947,104
"처음 시작하면 보스 몇마리정도 성취감타령 하고 넘길수 있겠지만 이건 그냥 게임을 좆같이 못만든거다. 특히 잡몹보스새끼들이 문제인데 앞의 지역에서 개병신같은 불합리를 참고 참아가며 잡아봤자 또 튀어나올게 뻔한데 보스 처치와 보상에서 오는 성취감보다 저걸 또 상대해야하는 불쾌감에 한숨부터 나온다.

게임이 불편하고 보스전이 불합리하며 필드는 쓸데없이 넓고 그 필드에 아이템은 의미없이 흩뿌려져있다. 이게 프롬전통이지라며 넘어가기에는 선을 넘었다. 

npc 퀘스트라인이 진짜 쓰레기같다. 기본적으로 그 npc와 대화를 하고 행동을 한 후에 축복에서 쉬면 진행이 되는데 그 진행이 발단-전개-결과의 순서가 아니라 결과-결과-결과 같이 좆대로 진행 되기에 발단과 과정을 유저가 알아내어 다음 퀘스트 동선을 짐작해야한다. 어떤 npc는 그 짐작마저 안통해서 진짜 알수없는곳에서 발견된다. 풀프라이스 게임에서 npc 퀘스트 컷신, 하다못해 일지 하나 만드는게 그렇게 어려운 일이였을까?

보스전같은 경우엔 1대1의 보스도 불합리가 차고 넘치는데 1대다의 보스전은 진짜 생각이란걸 하고 만든건지 모르겠다. 영체 한번 써보세요! 라면서 만든 보스전이라는건 알겠는데 그걸 강제하는건 정말 병신같다. 영체를 소환해도 문제는 계속되는데 보스의 어그로를 로또 추첨기로 정하는지 날 공격하다 영체 한대 치고 180도 돌아서 백스핀블로우를 조진다. 가고일 듀오, 신의 살갗 듀오는 그 정점을 찍어서 영체가 몇대 버티지도 못할뿐더러 영체가 죽고나면  그 보스전의 모든 불합리를 한몸에 받아내야한다.

필드 시스템은 왜 자꾸 퇴화를 하는지 모르겠다. 닼소3까진 그냥저냥 할만하다가 세키로부터 불안하더니 엘든링에서 그냥 좆박아버렸다. 그 필드에 아이템을 뿌려놓으니 환장할 지경이다. 마리카의 쐐기도 문제가 있는데 쐐기 배치의 일관성도 없고, 있는곳에서 쐐기에서 부활을 했더니 전혀 상관없는곳에서 부활하는 경우도 있다. 필드에서 높낮이나 층이 있는 경우에는 핑의 의미마저 사라진다.  축복 주변에 적이 배회하는곳엔 축복이동을 타임어택으로 해야한다. 

최적화는 얼마나 쓰레기같은지 잡몹들이 가루를 뿌리면 내 프레임도 가루가 되기 시작한다. 버그도 뒤지게 많은데 진짜로 내 캐릭터가 뒤져버렸다. 난 자꾸 토렌트가 공중에서 사라지길래 공중에서도 내릴수 있는줄 알았는데 그냥 버그였다. 이걸로 날린 룬만 수십만이다.",비추천,1693081091,15590
"짜증나는 게임. 강제종료 한 번 했다고55시간 한 케릭터를 못 들어가게 해버림 ㄷㄷ
해결방법 아는 사람?",비추천,1692182200,5404
"본편  몇몇보스 빼곤 탐험 및 다회차 하기 좋음

DLC 파편 모으러 다니기 힘들고 모아도 보스 데미지 너무 쎔 2 회차 가기 무섭다...

꾸역 꾸역 깨긴 했는데 즐겁지가 않다...",비추천,1692104752,90384
"아니 무슨게임이 키보드마우스 파우치 누루는 버튼도 없냐 ㅡㅡ
",비추천,1692054514,1316
몹한테 어그로 한 번 끌렸다고 지도 못보게 하는 거 진짜 누구 대가리에서 나온 생각인지 ㅅㅂ 강종 스킬 배우라는 깊은 뜻이 숨어 있는 건가,비추천,1691973147,57761
멀티 플레이 개선좀 해주세요....한명 죽으면 계속 돌아가야되고 상인 및 축복 사용도 못하고 이거는 친구랑 하기 정말 힘듬 게임 입니다.,비추천,1691848032,11514
DK아 괜히때렷노ㅆㅂ,비추천,1691810583,204
미야자키는 하드코어 게이포르노가 좋대요,비추천,1691674920,13390
븅신 내가 이딴겜을 추천받아서 왜샀을까 차라리 게임을 더 샀다 ㅇㅇ,비추천,1691281971,410
,비추천,1691262965,6988
"갓겜이라는 사람이 많은데 솔직히 잘 모르겠다. 너무 자주 죽는다. 대화를 할만한  npc가 없다. 대부분의 전투는 칼질 몇방에 끝나고 캐릭터 역시 빨리 죽는다. 방패,패링,구르기를 적절히 사용해야함. 스토리가 너무 이상하다.고유명사가 너무 많고 굉장히 불친절한 스토리 전개. 게임사 나름대로 신화를 만든거 같은데 뭔 소리인지 전혀 모르겠다.",비추천,1691193659,427
"솔직히 이름빨에 비해 거품이 심하게낀 게임

그럭저럭 할만했는데 재미없었음",비추천,1690990172,3476
"어려움과 ㅈ같음을 구별못한다.
회차내리기좀 제발",비추천,1690971257,23659
ㅗㅗ,비추천,1690198246,55470
"dlc후
한줄평은 ""게임계의 '트랜스포머(영화)'"" ..
서방에서 좋아하는 이유는 뻔하지 ㅋㅋ
재탕링답게 캐릭터 재탕안하고 덜한거는 칭찬해드림

시각적인건 보기좋다고 생각함 근데 뭐 역시..
PC쪽 지원받은 게임이라 굉장히 의심이 되며 이 기회를 살려서 많은 데이터 축적으로
닼소 후속작이나 닼소를 뛰어넘는 게임 만들기를 바람

그리고 항상 말하지만 기능도 딱히 점프말곤 추가된게 없잖아 
고작 점프기능 추가해놓고 오픈월드 만드는건 양심 뒤진거 아니냐?

시각적으로 멋진 구역을 만들어서 상상력 자극 => 말타고 질주 => 보스나옴 => 나 : ???

뭐 내 작품아니니까 레알 상관없긴함 남이야 죽을쓰든~ ㅋㅋㅋ
애초에 닼소랑 비교하는게 멍청한거지

보스전은 닼소에 빟
음악도 구리고 타격감도 떨어져, 보스 구성도 난이도를 강제로 높인것 뿐, 전투의 가시성도 낮아,
추가되는 여러 무기 때문에 재밌는게 엘든링이지만 전투에선 오히려 잡탕이 되어버림. 
엘든링은 무기종류가 적었으면 전부 닼소했음.

ㅡㅡ
dlc 전
생각보다 별로다. 기대가 큰걸 감안하더라도 확실하게 별로일 줄이야.
다크소울에서 기존의 것들을 많이 가져오는 바람에
다크소울3 할 시간에 엘든링을할 수밖에 없는 구조가 되긴 했지만
보면 볼수록 시각적인 요소단 하나만을 제외하고 별로네요
각종 무기가 많아진것도 재미있긴 하지만 이건 다크소울에서도 맛보던 맛이라 딱히 잘했다고 할만한 요소는 아니라 봅니다 무기는 추가하면 되니까요 닼소 시리즈의 필연적인 문제인 무기 밸런스 문제나 난이도 문제는 전혀 신경안쓰지만 상상력을 자극하는 건물안에 아이템 박스 하나로 퉁치는거나 잡몹 재탕하는건 좀 심한거같네요.
점프하나 추가해놓고 맵은 몇배로 불려놓으면 뭘 즐기란건지..
멀티또한 x밥 보스 한마리 잡고 헤어져야 하다니 너무 슬프네요 ㅜ-ㅜ",비추천,1690014553,34865
다크소울 맵 갈기갈기 찢은 다음에 그 사이에 비슷한 던전 복붙하고 말타고 다니게 하면 갓겜되는거임?,비추천,1689903336,2334
"병신같은겜 22년도겜에 21:9 지원을 안해주는거 존나 역겹다.
기술로 되는데 검은색 텍스쳐 입혀논게 존나 얼탱이없네",비추천,1689852417,3930
정서에 좋지 않습니다.,비추천,1689830741,12347
"DLC는 좀 뇌절이 심하다
패치도 진짜 이상하게 하네. 어차피 안 쓰는 쓰레기들은 애매하게 올리고, 쓸만해서 애용하던 건 애매하게 쓰레기로 만들어서 뭘 써야 되나 난감하게 만들어.",비추천,1689764325,184028
늙었나보다 재미있는데 루즈하다,비추천,1689756684,2843
똥손이라 스트레스만 받고 환불함. 첨에 멀키트 피해서 돌아다니는데 잡몹도 잡기 빡세고 게임은 뭐 알려주는 것고 굉장히 불친절하다. 영체 뭐시기 얻으면 쉽다는데 그것도 공략을 봐야 찾을 수 있는거잖아...,비추천,1689586133,135
앰뒤졌노,비추천,1689439465,13702
"+ 확장팩 후기 

솔직히 오리지널하고 큰차이 못느끼겠음 새로운 보스 새로운 맵인건 좋지만 크게 '변화' 했다 라는 느낌이 없고 몹재탕 맵디자인 시스템(편의성 포함)등이 본편과 크게 다를게 없음 '확장팩' 이라는 느낌보다 기존 오리지널의 '대형' 업데이트 같은 느낌 또는 연장선(말그대로 컨텐츠만 길게 늘린)에 가까웠음 더욱 강하게 원판의 그것을 느낀이유로는 타이틀을 그대로 원판의 로고 브금을 썼다는 거 부터에서 새로움이 없고 상기 이유등이 복합적인 이유로 작동함 물론, 이마저도 못하는 게임들이 수두룩하지만 엘든링이라서 기대를 한 내탓일까? 개인적으로 메타 90점대는 아니라고봄.

한줄요약: 좋게말하면 완성형에서 플탐을 덧댄느낌이지만 나쁘게 말하면 어거지 플탐 늘리기

반남온에서 날려먹은거 프롬 압박해서 급하게 만들게 혹은 프롬에게 압박을준게 아닐까 의심할정도로 암만 퍼블만한다고 하지만 일단 서버운영이나 투자도 동시에 들어가니까..",비추천,1689429293,20618
JKL;,비추천,1689382039,11607
"결론) 전작의 보스나 플레이를 생각했다면 조금 아쉬운 느낌을 많이 받을 것 같을 게임. 새로운 시도로 많은 장점을 얻었지만 오히려 몇몇 특징이 전작보다 퇴화된 게임


오픈월드를 잘 활용했다고는 말하기 어려운 소울류 고질적인 특징이 어우러져 너무 매웠던 초반과 중후반부터 획일화된 플레이방식이라 늘어지고 들쭉날쭉한 보스 난이도에 쉴새없이 몰아치는 엇박 공격패턴으로 재미보다는 짜증이 더 늘어나 여러모로 너무 아쉬운 게임.




다른 평가들 둘러보다가 확실히 느낀 점이 하나 있다면 이건 프롬소프트의 신작을 플레이한게 아니라 비슷한 분위기의 mmorpg하는 느낌이라는 점이 가장 공감됨. 

처음 접하는 사람들은 대부분 영체에 대한 가이드를 휙휙 넘겨서 영체 없이 보스전 하는 경우가 잦은데 영체를 쓰기 시작하는 시점에서는 보스전 플레이 양상이 완전 바뀌기 시작함. 

대부분의 보스는 영체에게 플레이어에게 쓰는 패턴을 동일하게 쓰다보면 플레이어는 그냥 옆에서 툭툭 때리고 잡는 방식이 되어버리기 때문에 탐색하고 패턴을 파훼하여 보스를 잡는 프롬소프트 게임의 느낌을 받지 못하겠음. 




가장 큰 단점은 너무 심한 엇박자 패턴. 보스 패턴 중에서 정박 엇박 섞는 패턴이 나오고 이걸 파훼하고 클리어하는건 소울 시리즈의 가장 큰 재미 요소임. 근데 너무 많은 엇박에 엇박 패턴에서 너무 긴 딜레이를 주는 패턴이 있어서 오히려 재미보다는 짜증나게 만듦.

특히 특정 보스들에게서 불합리한 패턴이 너무 많이 나타남. 엇박 난사나 너무 긴 딜레이 패턴에 어떻게하든 맞을 수 밖에 만들거나 첫 타를 맞으면 무조건 후속타를 맞는 등 극악한 패턴을 난사함.

이걸 어떻게 피해야지? 라는 생각보다 이걸 어떻게 피하라고? 왜 이딴식으로 만들었지? 피할수는 있게 만든건가? 라는 생각이 강하게 남아 오히려 불쾌감, 짜증만을 유발하게 됨.




개인적인 불호요소 중 하나였던 ""굳이 오픈월드 형식으로 만들었어야 했나?""임. 이건 취향차이일 수 있는데 적어도 나한테는 그냥 맵만 넓은 다크소울같음. 오픈월드라고 해놓고 플레이어가 성장할 수 있는 가이드 라인은 찾기 힘들게 해놓고 진행 루트는 대놓고 스톰빌 성 쪽으로 향하니 진행은 힘든데 성장은 어려운 느낌을 받을 수 밖에 없게 만들어 놓음.

이건 오픈월드가 가져다 주는 단점이 장점을 가릴 수 밖에 없게 만들어 놓음. 전혀 성장하는 재미를 느끼지 못하겠음.

특히, 앞서 서술한 점이 오픈월드의 단점을 부각시킴. 난이도가 어려우면 파밍을 해서 스팩을 올려야 하는데 오픈월드라는 점이 오히려 플레이타임을 늘린다는 느낌을 줌.",비추천,1689261961,9168
붕신같은 게임 안티치트 때문에 접속조차 불가능,비추천,1689260199,31
"""프레임 레이트가 네트워크 플레이에 적절하지 않습니다.""

이거 해결방법 뭐에요? 이거때문에 게임이 안됨. 자꾸 하다가 꺼지고",비추천,1689170440,134
"친구가 쩔해준다고 새 캐릭만들어서 왔는데 계속 나만 악령나오고 얘내들 물약은 5번이나 빨아 재끼는데 초보자 구간 없나? 그냥 무작정 10분마다 무조건 나오네 악령
",비추천,1688997413,4160
멀기트 씨발련아,비추천,1688971605,5661
현규영 씨발놈아,비추천,1688741480,16517
"인터넷에 떠도는 방법을 시도 했으나 실행이 되지 않는다
다운로드, 업데이트, 삭제, 파일 복붙
여러 시도에도 실행조차.....
다들 2022년에 이러한 시도를 했던데 2023에도 안되어 있는것을 보면 어떻게 해야 할지 도무지 모르겠어....",비추천,1688645073,18
안녕하세요 엘든링 2시간정도하다 환불하고 고민 엄청하다 다시 4시간정도 했는데 4시간동안.. 커마만들다 스토리하는데 첫스토리맵에서 사냥하는데 키보드랑 마우스 안먹히고 안눌리고 그래서 하루종일 옵션에서 뻘짓하다 옵션에서 까지 마우스 키보드안먹어서 욕만하다 시간날리고 돈도날렸는데 이거 환불안되나요 진짜 돈이 너무아까움,비추천,1688561590,1976
"1일차)
난이도 선택 옵션 왜 없는거냐. 프롬소울게임이 헬난이도라는건 익히 들었어도 엘든링은 렙빨, 템빨로 해낼 수 있다더니 뭔 초반용 사냥개이빨무기 주는 보스부터 극악이냐. 렙 올리려면 노가다 그것도 죽으면 안되는 노잼 핵킬링타임 노가다 해야하고. 그냥 기본 프롬난이도, 캐쥬얼난이도, 변태난이도 옵션을 주면 되잖아. 드럽게 어렵네. 손맛있고 커마 잘되있어서 괜히 시간써서 환불타이밍 놓쳤는데 개비추천. 혹여 나중에 플탐 채워지면 평가 달라질 수 있을지 모르겠지만 아 초반난이도가 너무 슈발이야. 쉬워지는 템얻으려면 렙올려야하고 렙올리는건 여간 노가다네. 죽을때 돈이라도 잃지 말던가. 좀 지나가면 괜찮으면 뭐하냐 스타팅 난이도가 개지랄맞은데

3일차)
재밌다! 근데 역겹다! 환불은 놓쳤고 재미있긴하고, 더 해봤다. 스토리는 있는데 텔링이 불친절하다더니, 뭘 해야할지, 어디로 가야할지, 어디가 수준에 맞는지 알 수 없었다. 결국 지양하려던 공략을 봤지만 진도를 빼려면 실력이 뛰어나거나 노가다를 왕창해서 렙빨, 장비빨로 진행해야한다. 렙빨 템빨로 하기 싫었다. 그러나 노가다는 노동이지 게임이 아니다. 진도 빼려면 노가다 해야해서 어쩔 수 없이 편법 레벨업까지 좀 했다. 그래봐야 디지면서 패턴을 익혀야한다. 재미 있기는 한데 추천하고싶진 않다. 역겹다. 개변태들.

일주일차) 재밌다. 스토리 진행이나 방향에 대해 좀만 더 친절했으면 좋겠다. 불친절해서 연구하고 스스로 공략하는 것도 프롬의 매력이라지만, 그래도 메인 퀘나 서브퀘에 대해 어느정도 방향을 유도하는 마커정도는 있었으면 싶다. 레데리같은거 처럼. 어렵긴한데 템파밍하거나 강화하거나 결국 방법이 있긴 하고, 코옵 심리스 모드같은 함께할 수 있는 모드도 있다니 게임을 좋아한다면 소울류가 부담스러워도 엘든링 정도는 한번쯤 해보는게 좋긴 할 것 같다. 그럼에도 추천으로 바꾸지 않는 이유는 초반 진입장벽이 높다. 조금은 더 친절할 필요가 있다. 

이후) 라단까지 그래도 재밌게했다. 노크론부터 길도 그지같고 축복, 세이브포인트도 없어서 현타온다. 축복까지 안전하게 버티려 안맞고 가도 길이 그지같아서 낙사한다. 그럼 멀리서부터 처음부터 다시해야한다. 프롬게임이 원래 불친절하다해도 오픈월드에서 이런건 너무하다 생각된다. 재미는 있는데 굳이 이렇게까지 불친절해야되? 뭐 하나 진행하려면 결국 유튜브로 길 찍는거 다 보고해야한다.

결국 공략영상, 자료 30~1시간 보고 플레이는 그 반의 반도 못한다. 불친절할거면 재밌게만들질 말지..

이후의 이후) 시팔 90렙 찍고 설원 왔는데 로데일, 화산관부터 길 좆같아지더니 설원도 그지같은데 적 딜들어오는거도 개아프고 때리면 퍼져서 추가타 안처먹네 지랄맞게. 하기 전에는 하고싶은데 길 헤메고 개억까 몹들 보면 하기 싫어진다. 오픈월드 만들거면 이따위로 만들지를말지 앞으로 프롬게임 또 할까 싶다. 너무 개지랄이다. fu``````cking fromsoftware",비추천,1688382691,9536
이 시발 보스 엿같이 만들어놨네,비추천,1688240896,4028
레벨업ㅇ 노가다하는데 똑같은 루트 똑같은 타이밍 똑같이 움직이는데 ㅅ개 시 발 될땐 잘되면서 안될땐 왜 쳐 안되는거야시발 ㅈ같게 뭐가다르다고 ㅁ오ㅙ 시발 움직이는거랑 모션이 매번 ㅕㅊ 달라 씨 ㅋ 발,비추천,1688202976,141
"좆병신게임
똥쓰레기게임",비추천,1687198854,10045
프롬겜은 심하게 과대평가받고있음,비추천,1686391151,24850
"혈압 터져서 죽고 싶으면 플레이해보세요.

+1년째 똑같은 보스

",비추천,1685793719,5367
돌아가,비추천,1685708485,334
>:(🖕,비추천,1685361567,11705
"[장점]
1.커스터마이징 재밌음
2.맵이 넓어서 자유로움

[단점]  - 그냥 일본식 오픈월드 느낌
1.작은 스토리 볼륨
-정말 좁은 스토리라인으로 크게 보이게 만들고 있어보이게 만든  게임

2.적은 퀘스트 볼륨
-오픈월드충들 멕이려고 한건지  방치형 자유도로 인해 엔피씨들 대사도 제한적이고 
 퀘스트도 있는 둥 마는 둥 

3.적은 액션 볼륨
-무기는 종류가 괜찮긴 한데 문제는 액션이 다 비슷
전회를 쓰면 좀 낫긴 함. 
근데 마술도 기도도 다 비슷..   
아니라고 반박해도 되긴 하는데 
나는 다채롭다라고 느끼진 못함.   

4. 재미가 없음.
-다크소울 비스무리한데 좀 쉽게 만들었다곤 해도.
다크소울게임 자체도 솔직히
그냥 잘 빚었을 뿐이지.
게임 자체의 완성도는 부족함.
엘든링도 그대로 이어감.
요즘 나오는 게임들은 뭐 인건비가 비싼지 뭐가 비싼지 모르겠지만.
수익율 극대화 하려고 
다들 게임자체를 완성도있게 안만들고 
하나만 극대화해서 그럴싸하게 빚어 내는데.
요즘 게임 시장에서 이게 최선이라면 최선일수도 있지만
완성도있는 게임이나 대작이라고 부르기는 불가능하다는 개인적인 평이고,

이따구로 오픈월드를 만들지말고
스토리라인 좀 강화해서 
게임세계관을 좀 더 어필하면 보완이 될 듯합니다.",비추천,1685320501,4549
"엘든링을 하면 소울류가 오픈월드에 맞지않다는게 느껴짐
지금껏 소울류의 불편함을 장르의 특성으로 받아들였다지만 오픈월드가 되고서 그 놈의 장르의 특성이 심각하게 부각된다
특히 서브퀘스트를 공략없이 깨는게 힘들다는게 말인지 된장인지 모르겠다
타 게임이 이런식으로 만들어서 내면 욕이란 욕은 다먹었을거다
필드의 완성도 자체는 맘에 들지만 오픈월드로서의 완성도는 초반부터 스톰빌로 유도하는 레벨 디자인을 보면 악명높은 유비식 오픈월드보다 뒤떨어진다고 생각함 그 밖에도 단점은 많지만 나무위키 마냥 길어질거 같다
소울류라는 방패뒤에 숨어있는 심각한 문제가 있는 게임이였다
그리고 오픈월드로 젤다랑 비교한 리뷰어는 제발 양심좀 찾아주세요",비추천,1684621810,8969
하지마셈 그냥,비추천,1684120129,12293
"다크소울 시리즈 멀티도 못만든게 맞고 
엘든링 멀티도 마찬가지인데 차이가 있다면
다크소울 멀티는 개그 축에도 못끼는 머저리 같다면
엘든링은 개그요소라고 할정도로 황당해서 오히려 재미있다
어이가 없어도 이정도로 없으면 오히려 재미있다 

----------------------------------

아무리 잘 쳐줘도 결국 미완성 게임 소리 듣는데 멀티는 진짜 개그 수준이라서 망했고
미야자키 히데타카의 생각이 대체 뭐인가 싶음 
개발 인력 둘씩이나 나눠서 하나는 세키로 하나는 엘든링 만들었다면서요

내가 가장 이해가 안되는게 미야자키가 자기 멀티 싫어하는거 신념이라도 확실히 지켰으면좋겠는데
결국 이도 저도 아닌게 결국 암령 시스템은 일부로 소환시켜서 죽일 목적으로 가지고 노는게 대다수고

막상 사냥꾼이나 사인으로 호스트하고 같이 붙어먹어도 그렇게 재미있는것도 아님
예를 들어서 암령이 작정하고 그 오픈월드 맵 주변에 숨어서 호스트가 랜뽑해야 하면 어쩔꺼임
그거 절대 못찾음

그렇다고 투기장을 하자니 결국 진짜 개그수준에 처음에는 병ㅅ같이 웃겼다가도 이게 또 하다보면
결국 소울류 스타일 pvp는 먼저 선공한쪽이 불리한거는 변화가 없음

도움줄라고 소환 당했다 치고 암령 없이 즐긴다고 해도 재미가 반감될 뿐임
뼛가루 시스템 때문에 사실상 필요없어진거나 마찬가지잖음 

결국 미야자키한테 내가 결론적으로 묻고 싶은게 진짜 온라인을 만들기 싫다면 만들지 말라는거임
차라리 아머드코어나 만들자 이럴꺼면 

싱글게임으로써 그 가치는 차고 넘치는데 미야자키가 자꾸 왜이럴까 제발 좀 못하는거 하지말고
잘하는거 좀 하자 응?
",비추천,1683727642,14495
너무 어려당,비추천,1683520562,6733
"ㅈㄴ 어려ㅓ움\
",비추천,1683395084,3278
"장점
캐릭터가 강해지는 재미와 각 필드 및 보스들에 대한 대응법이 몸에 익으면서 게임에 점점 익숙해지는 재미가 있음.
또한 여러가지 무기, 마법, 기적 등이 있어 무수한 조합이 가능하고 다양한 공략법이 존재하며 빌드짜는 재미도 있음.

단점
걍 존나 짜증남. 돌이켜보면 재미없음. 다시는 하기 싫음. 1회차 다 하고 업적작 하고 나니 팍 식음.

한줄평
정말 할게 없다 하면 추천하지만 그런게 아니라면 딱히 추천 안함.",비추천,1683364536,8970
이시발새끼들은 게임잘하다가튕겨서들어가니까 한거다날아감,비추천,1683014069,775
라단 엄마 아빠 행복고아원 거주자,비추천,1682861036,23378
로블록스보다 노잼이네요,비추천,1682787192,1522
말레니아 미친 정신 나갔냐?,비추천,1682133999,17154
밀키트,비추천,1682008449,2030
"1. 툭하면 한방컷 나는 기술들 있는게 싫으면 사지 마세요
2. pvp 하고싶어서 살거면 절대 사지 마세요",비추천,1681999982,48412
"21:9 화면비 미지원, 60프레임 제한, 스페이스바가 점프키가 아닌점을 봤을 때 개 씹 쌉 똥 쓰레기게임이 확실함.",비추천,1681635474,298
잘만들었긴했는데 뭘 찾아보고 안하면 퀘스트도 꼬여버리고 오픈월드에 퀘스트 박아놔서 길찾기도 공략안보면 절대 못하고 공략보고 길찾고있는 내 자신을 보고 머하는건가 생각하다가 삭제!!,비추천,1681584128,10048
ㄱ래-ㅂㅁㅅ햐0ㅈㄷ햐ㅐㅈㄷ허ㅑㅐㅁㄷㅈㄱ퍄0댁휴ㅑㅐㄷ교얻ㅅ굯녀교ㅡㅑ7ㄳㄷ교욱6ㅜㅕㄳㄴ우ㅕ,비추천,1681464945,1562
최악의 최적화. 게임 시작 자체가 랜덤임. 게임 시작시 재부팅되는 게임이 있다니 듣도보도 못했습니다,비추천,1680934580,1818
세이브파일 날라가 좆병신겜,비추천,1680672474,39013
고대했던 dlc는 비주얼만 그럴 듯하고 까보면 정말 성의 없게 만듦. 모든 몬스터는 호흡을 하지 않는 것인지 공격을 계속 이어감. 횡 공격은 기본으로 하는데 360도 회전 공격은 정말 어이없을 지경임. 프롬 특유의 불편한 구르기는 개선이 하나도 없는데 몹의 공격 판정은 오래 남아있고 장판까지 깔아버리니 환장할 지경임. 가장 문제라고 생각되는 건 대형몹임. 카메라도 좁은데 몹이 개같이 커서 화면을 다 가려 버리고 높게 뛰기라도 하면 카메라가 뒤집어져서 다음에 어떤 공격을 할지 알기 어려움. 아무리 봐도 테스터를 대충 뽑거나 극단적인 사람을 뽑은 거 같음.,비추천,1680551631,47008
라단 어떤 새끼가 만들었냐 씨발,비추천,1680363534,7965
엑박 패드4 에서 그런지는 몰라도 축으로 입력 하는 키 들이 안 먹어요,비추천,1680189128,1584
"뉴비로써 분명 재밌게 하고 있었는데 상습적인 로딩 프리징과 업데이트 문제인지 아님  art+tap시 파일이 깨진다고 하는데 진짜 그것 때문인지 게임 시작 후 계속하기 로딩 창에서 80%까지 차다 더 이상 올라가지 않고 멈춰 겜을 할 수 없고 나중에는 게임을 자체가 시작 시 팅기는 문제가 발생하고 어찌 게임을 키고 다시 키우기 위해 새 캐릭터를 만들려고 해도 로딩창에서 멈추어서 안되네요.  
부디 다른 분들은 잘 돌아가길 바래요..",비추천,1680004187,7778
개같이 어려움,비추천,1679732327,565
게임을 실행하면 하얀 화면만 나오다가 창이 종료 되네요.언제쯤 게임을 할 수 있을까요?,비추천,1679701582,1267
"멀미 심하신 분들은 비추천...
재밌는지 모르겠네요. 엘더스크롤을 넘 재밌게해서 해봤는데 절대 따라가질 못합니다.",비추천,1679581359,1131
"미칼라의 칼날 말레니아 시벌년;; 5일째 못 잡고 있네 우째 잡으라고 
또 뚱땡이 홀쭉이 이 썅년놈들도 똑 같네 무슨 한방이여여..",비추천,1679452766,67783
개노잼,비추천,1679421399,7105
프리징 시발련아 트리가드좀 잡자,비추천,1679131418,1077
라단 이씨발섀끼야,비추천,1678950000,14143
빨아주니까 좋냐? 병신새끼들 최적화 다시 해라;;,비추천,1678619213,7457
pvp 상태이상 씨발아,비추천,1678505001,26490
"갠적으로 프롬쪽 소올류는 오픈필드에 어울리지 않은다고 생각함
오픈 필드만의 매력을 삭감시킬뿐이며 다른 노력이 필요함",비추천,1678365020,1592
게임한거 날라가는거 개빡치네 진짜,비추천,1678271869,9757
AAA급 뇌절,비추천,1678111434,1268
지맘대로,비추천,1677996508,2308
최적화좀 해줘,비추천,1677921263,5362
"후.. 다크소울 생각하고 이게임을 샀다간

ㅅㅂ 그냥 접어라

다른게임이니까",비추천,1677852749,5161
노가다 게임,비추천,1677739177,13147
"씨빨
",비추천,1677525901,19935
"벽을 뚫는 공격
거지같은 마커 ui
불친절한 게임 진행
이걸 6만원 넘게 주고 샀다고?",비추천,1677513410,1327
"PC기준

2022년에 60프레임 고정하는 프롬 특유의 고집은 인정 근데 고집만 쎄졌을 뿐 발전은 1도 없음

거대 보스들 기껏 구현해놓고 ㅈ박은 기술력으로 전투 시 보스 대가리는 구경도 하지못하며 가랭이 밑에서 모기짓이나 하는 한심한 전투를 유발하는  카메라 시점 , 설정은 폼으로 만들어 놓은건지 off를 해놔도 지 좃대로 자유분방하게 자동으로 타겟이 바뀌는 락온 시스템
고로 공략은 개나 줘버리고 운에 맡기는 구르기 회피  

후하디 후하다 못해 씹히는 현상까지 나오는 선입력 시스템 , 케일리드부터 시작되는 각 보스들의 정체성은 사라지고 거대 도끼 휘두르다가 갑자기 마법사로 빙의해서 내뿜는 한심한 패턴

갱도 및 지하도시는 그저 복사붙여넣기 

그저 가뭄이였던 2022년에 다크소울을 사랑했던 골수 유저들이 만들어준 희대의 씹거품 망작",비추천,1677444645,13
"요즘시대에 60프레임 ..장난해? 그리고 분명히 공격키를 누르면 바로나가야 정상인데 패링이나 구르기도 그렇고 밀리는 현상은 나만 그런가? 사람들이 갓겜이라고들 하는데 지금 100시간 넘어서 하고는 있지만 이거 갓겜보다는 간겜같은 느낌이드는건 왜일까.?
살펴보니 플스에선 안그렇다는데 스팀에서 게임사서 플레이하는 유저들만 호구되는듯? 그리고 해상도 전체화면하면 옆에 잘리는건 왜그런겨 와이드모니터 지원안되는거 오랜만이네. 이렇게 팔기만하고 사후지원없다면 앞으론 프롬사꺼 사는건 생각해봐야겠네요. 게임성은 뒤에문제고 이런걸 안고 재미있다고만 말하는건 좀 아니라고봅니다. 편의성이라도 좀 해주고 그 이후에 갓겜 갓겜 했으면 합니다. 물론 개인적인 생각임. pc로 하실분들 심각하게 고려해보세요. 패링, 구르기 자신이 원하는데로 되는게 없을테니까...",비추천,1677151589,9984
거지같이 크기만 늘려놓은 오픈월드 개같은 말 조작감,비추천,1677077305,9721
프롬은 앞으로 오픈월드는 만들지 말것ㅇㅇ,비추천,1676999490,6554
개 시발 게임 참 잘 만들었네,비추천,1676967361,4331
"게임하다 스트레스 받고 게임하다 스트레스 받고,, 그냥 백수면 ㄱㄱㄱ 회사원이면 굳이 스트레스 받지 맙시다.
지웁니다.",비추천,1676677092,9355
"길찾는데 몇시간걸리냐 ㅠㅠ

--

pvp는 다크소울3를 뛰어넘지 못한 범부
pve는 세키로를 뛰어넘지 못한 액션

장점 하나라곤 큰 분량과 다양한 기술, 유저가 완급조절 함에따라 누구나 취향껏 즐길수있는 난이도
먼가 아쉽긴 하나 눈은 정말 즐겁게해주고 보스 패턴들도 멋지다 근데 프롬겜 특성상 보스전중 하나쯤은
브금이 미쳤거나 귀에익거나 그래야되는데 어째 기억에 남는게없냐 뭔가 아쉬운게임.....",비추천,1676554127,4675
불편함이 난이도라고 생각하는 병신들 이제 아이디어 나오는 게 없나?,비추천,1676471460,6184
디스크쓰기오류가뭔데 ㅅㅂㅂ,비추천,1675903914,34454
"아니씨발련아 나 한거라곤 말타고 다니는건 형불러갔고 결국엔 못잡았지만 풀만존나줍다가 뒤지기반복했는데 머가 부정 어쩌고냐?
못하면 프로란인에는 들어올수없어요 이거냐? 시발환좀",비추천,1675885308,2010
역대 최악의 게임이다. 흔히 재밌다고 하는 사람들은 날먹빌드로 재미보는 사람이라고 볼 수 있다.,비추천,1675577459,4294
안해 씨빨려나,비추천,1674992672,39
공략 안보고 못하면 망겜인겁니다,비추천,1674915225,14810
말레니아 시발년....,비추천,1674902498,7650
"야!이 개새끼들아 지나가다가 땅밑으로 꺼져서 뒤지는건 그렇다 치자, 근데 왜 무한로딩에서 안넘아가고 지랄이냐?
무기 리 치 때문에 좇같은건 그렇다 치자 근데 그냥 지나가다 땅밑으로 꺼져서 뒤지고 무한로딩이 걸리냐고!
난이도 때문에 좇같은 겜이 아니라 버그 좇망겜이었네 씨발. 이 겜 고티 받아 다길래 해봤더니 뭔 거지같은 경험만 하고있네,
프롬빠들 아니면 걍 다른 사람 하는거 보세요. 괜히 깝쳤다가 돈만 날리지 마시고, 버그 아직도 얼태기 없을 정도로 판치네요.
타겟 고정은 원래도 지맘대로 풀리는건지 모르곘지만 이 겜 키보드로 할 생각말고 앗싸리 겜패드로 하세요.  
마지막으로 친절한 설명은 개나 준지 오래입니다. 그냥 본인이 이거저거 다 뒤져가며 알아 가시면 되고
추가로 뒤졌을때 뒤진자리 가도 딱 룬만 회수되고 소비품은 프롬의 틈으로 사라집니다. 
활잡이나 투척무기 쓰실 분들을 위해 남깁니다.

--------
160 넘게 찍고 미켈라 첫 킬 까지 하고 올립니다.
유튭에 신앙 과 정신력 몰빵에 칠지인인가? 그걸로 피까고 참을 수 없는 미친불 로 미켈라 날먹하는 빌드 있는데
그거 해보니 새로운 버그를 또 발견해버림. ㄹㅇ 진심 대단한 새끼들이다. 피격판정은 뜨니까 그로기는 걸리는데 왜 씨발 피통은 그대로냐? 심지어 되다 안되다 하니까 더 빡침.

그리고 큰 항아리 탈리스만이었나? 씨발 이건 또 왜 한명 잡고 그 뒤로 소환 사인이 먹통이냐? 내가 전에 땅밑으로 꺼지는건 콜옵하면서도 가끔 당하던 거니까 그려려니 하것는데 이 항아리 퀘 랑 말레니아 버그는 도대체 뭐냐 ㄹㅇ 
샀을때 탈출을 빨리헀어야했다. 환불 못해서 이 똥꼬쇼를 하고 있네. 돈 들여 샀으니 엔딩은 봐야겠고 이제 버그 더 없는거지, 씨이발 쁘롬아?

아아...... 프롬에 혼돈이 있기를!!!   프롬에 혼돈이 있기를!",비추천,1674843243,25996
노잼,비추천,1674629630,342
짬뽕게임 이도저도 아님,비추천,1674482502,315
win10 기준 버그가 너무 많아요. 맵이 다 깨지는 경우가 너무 많음,비추천,1674471615,4635
시바~~~~~~~~~~~~~~~~ 어디로 가야돼!!!!!!!!!!!!!!!!!!!!!,비추천,1674232375,1429
여기에 있는 이 ㅆㅂ몬스터들은 물약 먹을떄만 공격해대고 ㅈ같네,비추천,1674226090,8492
"키보드 마우스 기준 화면 준내 돌아감
락온도 마우스 조금만 움직여도 이몹저몹 겁나 왔다리갔다리함
작은 보스는 시야 안에 다 들어와서 괜찮은데 
큰 몹은 가까이 가서 패턴 피하고 하다보면 화면 지맘대로 돌아가서 큰 몹이 화면안에 다 안들어오다보니 패턴이 안보여서 한대 쳐맞고 한대가 두대가 되고 두대가 세대가 됨
쓰다보니 또 개열받네",비추천,1674061387,1605
마지막 보스 전까진 정말 재미있게 즐겼습니다 근데 마지막 엘데의 짐승 보스 디자인 한 사람은 제발 제대로 생각을 하고 만들었음 좋겠습니다. 마지막 보스라는 놈이 패턴쓰고 도망가고 패턴쓰고 도망가고 이걸 반복합니다. 이전에 했던 모든 황홀한 경험과 퇴근 후 나의  시간을 책임져 줬던 게임이 한순간에 무너지는 경험을 하네요. 엘데의 짐승은 정말 프롬소프트의 최악의 보스라 생각합니다.,비추천,1673963013,2287
ㄵ,비추천,1673613321,14556
다크소울이랑 좀 다를줄 알았더니 전혀 아니고 분위기만 어둡고 쓸데없이 무섭게 만들었고 여전히 노잼,비추천,1673516514,1816
이왕 오프월드 할거면 좀 친절하게 알려줘라,비추천,1673436419,9906
"스팀 부계에 게임 구매 했는데 본계 또 구매함 본계 환불 할거임 





이거 할빠에 데스티니 해라 이 돈으로 dlc 사라",비추천,1673419053,118
말레니아,비추천,1673360135,13985
시야 시야 시야 시발 새끼들아 좀 진짜 아니 쳐 만들어 놨어 만든 모양세가 2022년에 나온 게임치고 좆 병신처럼 구리다는건 니들 기술력이 개 병신같은 거니깐 이해를 해주겠는데 아니 도대체가 보스 만들고 패턴 짜놓고 왜 시발 시야 처리를 좆 같이해서 좆도 안 보이게 하는거야? 진짜 이해가 안 되네,비추천,1673116824,7846
"이 개새끼들 겜 좆같이 만들어놨네 

변태새끼들",비추천,1673087925,9522
해봤는데 별로재미없어요,비추천,1673051245,12647
ㅈ같다 다크소울4 만들어라,비추천,1673003030,4344
게임이 상당히 어렵다 노가다 하기 싫거나 손가락이 느린 사람은 이 게임 비추천,비추천,1672906875,16148
"이딴걸 AAA급 게임이라고 빨아준거라고? 

레전드",비추천,1672858554,580
유기,비추천,1672724053,268
보스전때 실제로 공격 피함,비추천,1672656756,1090
